:020000042022B8
:100000006F000010504E010000012220000122204C
:100010000001222000012220000122200000000017
:1000200000000000000000000000000000000000D0
:1000300000000000000000000000000000000000C0
:1000400000000000000000000000000000000000B0
:1000500000000000000000000000000000000000A0
:100060000000000000000000000000000000000090
:100070000000000000000000000000000000000080
:100080000000000000000000000000000000000070
:100090000000000000000000000000000000000060
:1000A0000000000000000000000000000000000050
:1000B0000000000000000000000000000000000040
:1000C0000000000000000000000000000000000030
:1000D000FFFFFFFF424F4F54204D4F44452031203A
:1000E00044554D4D5920534249430000FFFFFFFF47
:1000F0000000000000000000000000000000000000
:1001000097020000938202267390523081400F10B4
:100110000000814101410142814201438143014488
:10012000814481460147814701488148014981490D
:10013000014A814A014B814B014C814C014D814D5B
:10014000014E814E014F814F735000340145970598
:10015000DEE09385250C88E1174CDEDF130C8CEA7A
:10016000732540F11702DEE71302C2E91302F2031E
:10017000137202FC85453306AC0232921741DEDF72
:10018000130141E81291731040307310403401C9DB
:100190009705DEE09385050888617DD9A5AA9700BB
:1001A0000000E780602B97000000E780C02905452C
:1001B00097000000E780002C97400100E780E037BF
:1001C00097000000E780602697000000E780A01CF1
:1001D00097400100E780004C97300100E780E097EE
:1001E0001705DEE013050519B7C501009B8505203D
:1001F0000D461705DEE01305E52597200100E78091
:1002000020611705DEE01305E53297200100E78045
:1002100020601705DEE01305E53F97200100E78029
:10022000205F1705DEE01305E54C97200100E7800D
:10023000205E1705DEE01305E51397200100E78037
:10024000205D1B05000097300100E78020E6970540
:10025000DEE0938525EB97200100E780C055170568
:100260000000130525244C4109466383C50001A005
:10027000147110652A9608759705DEE0938585F858
:1002800088E11705DEE91305E5D797400100E7800F
:1002900000FB09A097400100E78020468545630ADE
:1002A000B5021705DEE01305E50C9705DEE0938542
:1002B000D5E997200100E78000501705DEE013051F
:1002C000650B97200100E780604D1375050475D517
:1002D00001A01B05000097300100E78020DD970595
:1002E000DEE0938505E697200100E780C04C1B0502
:1002F000000097300100E78060DB97200100E78075
:10030000E0491375050465D505459705DEE093853D
:1003100065F088E10F100000010001009700DEE9A0
:10032000E78040CE1705DEE91305C5CD73101534FF
:1003300073104030732500301375F5F7B7E5FFFFF4
:100340009B85F57F6D8DB72500009B8505804D8DC4
:1003500073100530732540F1814573002030010092
:1003600001A00000000000000000000000000000EC
:100370006306B500233005002105DDBF8280638957
:10038000A5006387C500146194E12105A105D5BFCF
:100390008280411106E4175501001305A59E9705BB
:1003A000DEE0938525C61706DEE01306A6C6970095
:1003B0000000E78000FD175501001305A5A0970573
:1003C000DEE0938525D41706DEE01306A6EC970041
:1003D0000000E78000FB1705DEE01305A5EE97059A
:1003E000DEE0938525F097000000E780A0F8170570
:1003F000DEE0130525F19705DEE09385A576A26082
:100400004101170300006700E3F68147630CF60023
:100410003387F500834607003307F500850723007F
:10042000D700EDB78280611106C097400100E780D8
:10043000002682402101AA871707DEE9130787BC3F
:1004400015A01707DEE71307E7BB9707FCE79387BD
:1004500067BB09A81707DEE01307C7BA9727DEE0D6
:10046000938747BA233007002107E34DF7FE8280C8
:100470004605B707000A3E956301F502946393872A
:100480000704E39DA7FEB707000AB706010223B0E1
:10049000F62093870704E39CA7FE828000000000FB
:1004A00055838BC0020000007000000000000000B7
:1004B000BA018795BCAB1548E7702C6400000000BA
:1004C000E621010000000000805C02000000000046
:1004D000000000000000000000000000000000001C
:1004E000000000000000000000000000000000000C
:1004F00000000000000000000000000000000000FC
:1005000000000000000000000000000000000000EB
:1005100078DA8CBD0B5C1357F6007C6792C924080F
:10052000020E10146C43068852EBD2FA48B5ADCBDC
:100530002B4CC5475B77ADDB6EEDA2A3505FB5AE2C
:1005400056D7B67413C2101E22D201A305B74015A8
:10055000ACDBBA6D5937ABFE2DE0035AADAF568B0D
:100560006E1F8B068876B5C50A4494C777EECC0417
:10057000B0FFFD7FDFE7EF3764E69C73CF3DF7DE2A
:1005800073CFE3CE9DAB1321245A1172C2AFC76A59
:100590008DD47B09C4D0F426FB2A9AD2CF453D8C5A
:1005A000FFDC81F53109B7F44B558821B36318F2AC
:1005B0006715F347B24FB04CD17C403EFAB63E11BE
:1005C0006808A26F4C897E0C09144B8F09C944F24C
:1005D000FAA08478B8A6F2CFBF46CBF0AB8D4266C6
:1005E0009DA3969CF5F6FA20722AE61870424F23D6
:1005F000A8AB9992EBAE54AD7F068547A5AE0F4AE6
:1006000085B29AF89FB6C53FB51E3D13D45DAFD0F5
:1006100085C974060268E235F16BB7BD9AB63E68CB
:1006200051FC6DD333F1EE48EF40B69501BC5C82CE
:1006300040EBC79053D9A90BD4B78D285EFCF213B9
:1006400024FEFC28128F3E8A780789EA48682391A5
:10065000FDE3C44AF9CEF663D835FBA3D9EAB02E40
:100660005CEAB631686AD8555C2EAC83FC41D3365F
:10067000FAC698CE71771EE8AB6EAD69DB776DFF79
:100680008D4F3AFFD175E8CEA77D495752DBD3AEE7
:10069000CFBFB9E0D673DD2FF4BED47FF54A47FB58
:1006A0000FD77FBCF9F3AD9EEEBBBD03FDEB630C32
:1006B0005389189EA390B312CBDDBA4E777D0A45BD
:1006C000A0DB3168AAF31C86241CAA4EBFBA84FCA6
:1006D00063D2FAABEB35CB6A96A52EEF58AED9585C
:1006E000B3317553C726BF97F7BD9CB6E287157E19
:1006F000AFEF7B3DED8D1FDE18BD7AFFEAF96B7E13
:100700005C33FAADFD6FCDFFF38F7F7E7BE9FA6D31
:1007100063A67E027FC9F8EA3F262D598F0CF1B8F7
:10072000FD814108D912894422C9964424DB92896B
:10073000145B8A2D95E06C1CF194ED2962B66D3640
:1007400091664B23E6D8E610736D738979B679C448
:100750007CDB7CE269DBD3D0FB53B3AD72FFF19A53
:1007600003888DA75014F55D7DB695CFDF03FD7628
:1007700002852C29BD1245555117019618AC69D335
:100780005330B294E50B27FC8AC289537A0D3C6B37
:1007900052CFCBE384FA15FC970AFEBC3E4CC257FD
:1007A00029F87BFAE512BED2B95CC27FAAE8C11D66
:1007B000190ECFCB5500B7F455A727127A154299D9
:1007C000C8DDE33421AFE8A0CBF4F0CBD08E527E6D
:1007D000AB0739630196DB24F2792D282879DBB148
:1007E000123A9876DF68018DD06B407334B15F8226
:1007F000060D3074ED795EDD413A69ED80E8F09CDC
:10080000D3ED0528F0E0CEC93C9B8BD9781A45D1B1
:10081000EE795897D0F03FD2771324FDB59AA5BF53
:10082000FEA4DF2FE0894143454296D89B5309152A
:100830007711895E6FE0E2E2F734ED704793375B42
:10084000ECCD1462AD3D28DB4A041B6FC45E4B6BDC
:100850000BE67A17F179ED887FD9A5111DED83A2FA
:100860004B8FB27E47CDDF976BA64994FF14F33BC5
:100870002D19952C0622D2F93681C4ECA485A20A42
:10088000A913539CA5F094D3F65BF181012278362D
:100890003F3E8C8A6C0CA6EABC34C1DB976BF9979F
:1008A000EBD4FCD6508AB7C6D0BC788210E82CF3C3
:1008B000BAC1A5CB8E2E33AE202CD4926C6B23C73D
:1008C000E775239146245FD08D6CDC3A97D3091CE1
:1008D0001DCD4F57F089CABD63FEC5FA8AAB559A44
:1008E0002C179FDBADE21DAF91EE5DC2DD8AF48572
:1008F000F5BCBD45954BBFE662CE7A07058E57FF26
:100900009B10F50F22B1D93BB8A4DEEE22D1EC7AD0
:100910001BB7D925702B5C2E4E6B6077D3096C35D5
:100920005CFB5C09149718CC47763CC07ED00CCF9A
:10093000741AFB019DF62C2751557A92B216B1FB21
:100940003D69703797AD866B375C359EB9CCA65044
:1009500034A35955DB3CA77FE3110D616236D19D6D
:10096000984E554BCF254CAF15637A552D37B7713F
:10097000A398DB132841AA31C431D715D639D81F23
:10098000264176634833D0638EE2A618547516D795
:100990008AB98E28A7701D514EE1EDD2103E888F86
:1009A000B726A8F3BFF3B6A083CD3EDE23CAF978FD
:1009B0000F9753781BF551A28FEB187DB038CC2FD1
:1009C000B15CE628A0AA218EB80FA4120A3FA98420
:1009D000C2492AA17052FA698817D407BC12F31FC2
:1009E0003931CC496EF7705F42E9214ECC266FE772
:1009F00030AFE1569ED8A8480FDCE471934797E2E8
:100A0000803A816C3303CCA54184DDE448120AF3BB
:100A10004FA962B8242A3F91C8B6C258273C72A099
:100A20003A53A067B55567BA5B5B0674967697E84C
:100A30008D45F91E7986DBBF63BA7B02B3AD2A0B05
:100A4000453C990F5A9A69762003CC78356BF41A95
:100A5000CC5C20F64ED1AE5C64B0D7A61AB3F436A7
:100A6000D358B7CE926D2D2A6CBFE7A2676AD8DD46
:100A700035406D1A8B29A332D89A1E03A6370BC8AE
:100A8000C06834A4DD44B1B8CCE6964F736F15DF6F
:100A9000FC46F46A48DB59D141A9314755ADC658E7
:100AA00042B1FBDB07DCE5DD032E07AE8366976C06
:100AB0000AB5F416DB4C25C7165A5CB4755096C7B8
:100AC000EB6627788DD9D6F1EB84CCEA6B30530EE8
:100AD0005329356D275BE7F72DB8F35C57EE8DB8DA
:100AE000FCFD39B3CE3C1E721C95CDA6D2FAD36A5A
:100AF0008434E1D136C583DD06BF10394DA56A0EB9
:100B0000216C9C31837F9023F89B27D1B773235AA4
:100B10001CE87231B619E54E07BA525C67EE447FA5
:100B2000E4B2CC33CFFC91234CC1C74E0FFED1D2DF
:100B3000919EBA8C889932AD12D52CD3ACB8BA3903
:100B4000E9F5EAD783A91898D1E087BF671FB319E1
:100B5000D8A92586083585E272F7E59829442486C8
:100B6000160889456C7C5414FB44B04196A1B52B02
:100B70004247A1328E47BD24A34E208D823DDE1612
:100B8000A59A4A44D9A7DA0CAA198401B841FBFCFA
:100B900004993EDD738473FB77F7013F5B62686203
:100BA000516C6E8140C428EDE9C4B5B9C747DFF385
:100BB000515BDBDC79BBEF32EA67C8E52EA51FA3EA
:100BC0009FB4D84C8CD7AB8A3A0B9650CB68121E88
:100BD000DC794AA4ADB31E777848730D0D765A338D
:100BE000E6F1455ED2C6E5671CB13C7EB183E457B1
:100BF000D420C124F5C6F630E476BA06CC78944CFD
:100C00004D4697E69632A78ED2978BD9D81EE30C25
:100C1000D081DBA6845BC11CBFDAABD16FC2514C63
:100C2000EDDB05F4216745B22B16F91F72663B2AEE
:100C300052CD341AC4E3DF5B5CD1946DB5D7E66A5C
:100C40008721ECEE1EAD040BBF0F162EC126DC076C
:100C50009B20C11EBB0FF6D850FD99BEFA3D857290
:100C6000FD879C6613F2CF7644727856D84C178B6A
:100C7000239B8183C9A1F53DB3D15EAD04091F015A
:100C8000099720134640264890C74640A056E722C1
:100C9000F09E8ECC2777F03A8F1EEED969B54FE4DF
:100CA000F12A883BC6FF07E3D823F44C027A872F4A
:100CB0003F815844A30A5EA025BA47BC33B3AD8236
:100CC000C67E4283BA6F51B4F33980B93A1EDBC194
:100CD000AB5269147C153837810FC86D9AD95BEF18
:100CE000CCC47598287E5C77B88B4686C82B98B3A1
:100CF000BD997E48F47A02256EA4372E72099B4D69
:100D000023F89B43A3F02576CE81448F09B16AEF87
:100D1000D01377DF937EE88926609447B3DA114FCA
:100D200001BE274E257A5B02593F2FE97BF20C3D2D
:100D300039649CBFFC44AB9472C34FA3EE7BA27D8D
:100D40004FB8DC26A99C24B35A9219FFCDA5D52112
:100D50004B6E6582BD31449E503537212693D6B205
:100D6000B91D2089A809A25812B78C452DE0E125AC
:100D7000EC26E00958FCA45149B4791D50C39554A0
:100D800076740B19B22480C358F631F0F961EDB8CE
:100D9000E413148EAB48762A5C8FC1F5045CF194A1
:100DA0001A9ED5F0AC8667353C6B224FC812838CF7
:100DB000DAE176BBEE6BB747921F46491A9BCC5ED1
:100DC0003EB21BB9E8A0A1B1E18271DF941D50F0E1
:100DD0009484378DC007628E253E7CB084E746E060
:100DE0000370FDA13EFC78099F39023F0A8F59B07C
:100DF0000FFFAD5C3F9A3084D7E111BE58A7E0AF3A
:100E000029F20DE369AC1DE77DF82E45BE613C85F6
:100E1000F565A10F8F14F986F12AD1E340CFFAF0DE
:100E2000FEFC83927C13F4F0CC3EEEF593A93CA03B
:100E3000673471F030B9ADA8CE4593E63B73748545
:100E4000A11EB31919D8583A1CEBBCBD49334071E7
:100E500011A114C13B3B10B3BC0CED3D85E70BB3B6
:100E60003C147D57CF509DA3B3AD1089999F982313
:100E700014760FE2BB37E7E4E3BB30D26C8B9942C8
:100E8000F7207B2A6D9D42772381C69A11E1A091BC
:100E90007BB96B00D7766D4EC4420AFCDEF2A7EC3C
:100EA000301FDF3FA682E86FE2B1B15731FFF25C3D
:100EB0001A953BBCF7F86577609669C8729A461137
:100EC000347EBE06EDA149FE580FC937B5208A12FF
:100ED000A8ACB046170565080BD1916D5DF125658D
:100EE000C19C16FEFBF460D6429F057074562447E1
:100EF0001E955ADDD2DC19D958D1986D7599B05725
:100F0000E3B4E0CB331D08BCB3167CB9EF69B7EF8F
:100F1000697139BEC731FD6D136A204389925965E5
:100F2000716DF8DE98E9BEE919C09E7BF1BAEAD688
:100F3000DCB6D8BEB43BF3BB1674567171397C7EF7
:100F4000B79AFF8F8BD47110FFE5B5ABA53836A7E4
:100F50005DCDD0092A1BC7BFDB4E3254C39847DB97
:100F600026B72A3EE1AE8DCB5E6ECC08AD84C87349
:100F70006BB716479EEE77BAFBE448D3539BB8177E
:100F8000671CAC011C0CD7FF3B61BED1519D6BD6D9
:100F90009288B0E892C54B1003CF1749888145A0CD
:100FA000B6ABF6886A8881673B77C253FEFBBB9974
:100FB0007721064EE3C766A8ED3F69509D574FBCA9
:100FC00075E3EA5ADE3E88A89828BA44C3E79EA093
:100FD000F9359F927CCE72359F6BA178F1228E8875
:100FE0001F73EBB57D35E99A655737246DAEDE4C3E
:100FF000BEBE04BCA82C4FE6BB15FC87F5F65FD33C
:1010000068713D5FBC90E40BCB48F78E987EBB4B7C
:1010100087AEB8F87C0F44BF8D2E518E7E737E2232
:1010200044A71CFDBEE662E3D5D00A35AACE353A08
:1010300020AA866858859EAF17B8D9F555D7C96DCF
:1010400010D98035B0734FFDD7EC2042AB211E750F
:10105000946BB5D88A5A5B5039AD97F4295B6F13FE
:10106000F73BED4D34CA3F999AEB1E430F9E861C09
:10107000C5DE04CE9D9B997BB1BE84E35B6B498149
:101080003BECAC45628F070573251D8D8514B7D3E6
:10109000CDD09D8133856C6B194771EEC8EE8160B0
:1010A000EEF4FFA2A624EAE0FBA883256A0AA8378B
:1010B000AF9BDCA6E93276C6DED897A38C642FF608
:1010C000F7B13E5F7F8FD1AB49E8804DD2383E20EB
:1010D0008699D1A7DB89986D4BC5308AB4BDCDEC1C
:1010E000988E92B6072DAD5EAE9A001653D319486E
:1010F0004CE099E388DC86EF79E604DC8D063FC995
:1011000038A7A352FED0F68AA59F2553F9E36F7E38
:10111000964CA446E51331542365A1F68AE1B1D07B
:101120000BFB77D844FB5E2DFA98C69E95ADD41381
:1011300094A69CD6A01D4BDDADF4E08BC93613B64A
:10114000392F1EAB7E95DC70759965096E09CF74D9
:10115000430D58AB458D959CA2B94832FA69489623
:10116000960E01FFCC3BB74B7ECE3DCB210A0EF253
:1011700093ED9007AAB72D0D728F3DCA1A359011C5
:101180005669DC7AD78018360DC97EDDC44C778667
:10119000F37ED40E2F6BA415982734CE199EBCE392
:1011A0001BF9C9C1CC2C0B4FBCF44DB6957A59A490
:1011B0001334B654571E44A05AED67AADAA78C54CC
:1011C000E1BCFFE04812479159D3D9BD778CCCC61A
:1011D0009EC028C8D1F995CD88D1C722672696CE62
:1011E0003413470FE5DB0502C79CD8DFD71A6C26FE
:1011F00036D66BA8CAF045C238B2051FAEC4B56377
:101200008F75177743547B6090B2949D3DC2F15B1C
:10121000BA495C561543B355107513315945A0AF03
:101220006360E6AE3D81EC263ACAEC18E80779B572
:1012300036535671A807B430A804E2E9FF1DE7F25F
:101240001D3DA8DCA9477CC61D24C43E5C4F586EDA
:10125000D5632B362407446690D7004F5F548EB178
:10126000DDC5EDDF409E7BCD9C128862DBD25A3516
:101270003718B53A3A3F45FF3C64F8BAEB1FF341E3
:1012800065A42A4687A8D403166C819578F2665621
:101290000811F35A2761B99A9EB4AC7A19B902E7DA
:1012A000AB3842AF98BF6E13437B036DA6885001E5
:1012B000F5167F5E1CB5FCF3622C43C5199F1455CF
:1012C0001991F37D7DD17F0F248476F42FC2AD6810
:1012D000CC3C5DFCFF2B8B401161B904CE22166F14
:1012E0002562D9DD1A035BD36490330AA9963C5F6B
:1012F00036A195B389AF86B3899D67CB2FC6A0A3CE
:10130000A18D25B85EE86163FFB4A3A1918D8D2501
:10131000C1D4CDDEFF9A53000CB2DEBD1EE8E5FE5F
:101320004559D3B0BE665BDBEB67AC33DE89ED4A73
:10133000EB9C7F63C1B5E7DA347D9051E43F9AE3DB
:10134000EC1C1CF4581B9EC5A55CD0AB905119C574
:101350001C75B4F305F00105272B7469AA3D7EBF07
:10136000ECCF4BFDD09F3BAFE92C575F4DDA50BD22
:1013700081DC7C7545D2CAEA9551D0ABD0EC7ED0E9
:1013800088D06E7F570E96EDB811A25A0D783DE8C1
:101390006388AC6BBA8C328F861E7B6D8E3142D3E4
:1013A0003518F1DC766433ED029FD1652C77E84087
:1013B00082AEE8087518DA25454D11616A62F1566A
:1013C000F1B22E89DD3F358688058F8F3EA4D9EA9C
:1013D000E306A033CAD2B7CE73A506629F178D5B12
:1013E00001FEC98863F90FBF0C287CED1EC5F154BE
:1013F0001B89FDF27B451DD9667AE61876B7298AE6
:10140000A1CD2AC8360D459C146B467BB3032CA195
:10141000F5F8FE3D3F1ABCF3CC604C358FBE552F1E
:10142000D20DA44463F45AC1FF90335C90C77C0D85
:1014300079CF04C88C2640663401F2A089EC138F62
:1014400098D8C7124DECD4674D6CFC1213FBC4BA8C
:1014500018C0C7003E868DAF8A619FF898855E09E7
:10146000E846F91CA3465ADB3C7E7C377216C1ACB9
:101470002C3AFDD28C4A80A9E5A79BCF8BBF8F4623
:10148000B614223A74AEB908C6C40F6984B9CC2820
:101490002BC97477052A7D7701F7A7A82354CACAF8
:1014A000D7D5330E62F6FC026A2264CE88D9DC1BE3
:1014B0005842BBDF796870616AB5305FB1AAE82233
:1014C000E4886142E013A82ED78958EB76C8141936
:1014D000A709BDE20C4A56D5EA104F74F8B3560D71
:1014E000CCB7D3469BA9CEB3886063FB8D82DA5D0F
:1014F000B6ACD7964AA4DA3882A39E12292B198D4E
:10150000EAF22E20FB675A84336B7E87761485338C
:10151000FB40FE8E078DDF2598988DDD81D80F0961
:101520001A77F93FFACA5BF4E87101ACD06BDD8A37
:10153000F4AD9F51CBB342952CF0EB6A6181B03092
:101540005569D749C8192742CE381172C609903358
:101550004EB0CFB099543309937DA62D56F538116E
:101560006B7FDC16A37A8288B13F618B563D49447C
:10157000DB9FB4B1440C8C481C641E346483812509
:101580003AF772D3ED2AD7FDED7802D538592B8D75
:10159000A87A82DBE34A0C36B66ADAE4F9E430CEA4
:1015A00048012BDFE3FD898D6E31DA63E9E8D0CFA6
:1015B000B3249BD05B4C65321ABAC116CBAB4FA893
:1015C000E1AE95274F90F05B392D85579D50270E42
:1015D000B5029D340AD5E9E4321CD730DB3792D30B
:1015E00052605677BA9FD10C5C2EC6B5807E412DD5
:1015F0008DF5CCF60C1977CE9DA219687431DB9F5E
:1016000023DD8B357701F2D1E57A599E6690FA6633
:1016100039D86449169CCF967F9D0B5EB527B02EB6
:10162000B7873C7F540514891B194D8F8A306DDEB6
:101630002A52AD7FA6B8C32D90DBFE508BF8B25A6C
:1016400074D8DB41DA9A29933BCC3510B1488F1A14
:101650003322F40ED41F56BEA816BD56FC6C31586A
:10166000647F6945A05FF66D927C509B0BAC11CCFA
:10167000B7687B6CB331BFA0E4249684B0601AC80D
:10168000B162B1C5EED777DFC6360DC78DD0E3DFC7
:10169000B14F9418D8C7A2A2D8A98F44B1F189F04C
:1016A0001B6C64E36D46C93F4437B3D8E6F7EB895A
:1016B000E8AC2D2E3A012DDEC24E7618453538CED7
:1016C00034573E32987509685EAA4821B59FD03FCD
:1016D0005519FF7D625757201153D4C03316956AB0
:1016E000F7E72C115DB7299AB83228EA73C8500B76
:1016F000FF196837954E465596716EBA7B00B4C592
:1017000008DA62046D89026D89026D3180B6E09558
:101710000616E22EC90B672C24B87F381E79CABE84
:101720003715456868C46FDBAB19ADF9C409B92634
:10173000F2590D6CE5CD2049781AB61B6567561431
:1017400067DD2B2F13D0E9E2C893E169383B7601BE
:1017500096302D2CC625C24FFACAC8F4254D6B8A87
:10176000B3BE893CC94ED0809DA54CE0DDC7D1BD3C
:10177000366E1EB614FF2ACA041B100DB681059BD7
:1017800001BFB668B017600F1E61C156B0602B0074
:10179000BE2E0AE0D07F25D08F5551A2830B882B17
:1017A000389FC2F7B9902B4485CA73D4170E5FF8DF
:1017B0003B595E1A8270FFF8F404E4D250AB70DE3D
:1017C0002E8E1AD589C7C8369B48B1A511B3995139
:1017D000A3B6F1C13BD5E50B43D0616121217677FA
:1017E000072EF0D9819F2CB8D70D432B2BE2487ED2
:1017F000448CB40E00BCD6ED3D29F8CA34FCE7FE9B
:101800003209DB8818888322BB4961A2D8DB1BC858
:10181000AF9FAA1AC9E530959F603351D120D9DD19
:10182000EE4066435720E6484DC496698FCB353B62
:10183000106270315F176DF6471AFD3CF0DC01F362
:10184000A6C7B40F71809EC533D741E0523EDF6A10
:10185000AF6D92FC6AC04F3A0B8C7B0C8C7B0C8C6E
:101860007B348C7B348C3B0BE3CE8295308295307D
:10187000829588022B110556C2005602EB436CB6C6
:10188000B5CEEB204E0FBAB6E0E82560D8A3491ECE
:1018900004ADB2D7FA47F58FC5ED775B757721B602
:1018A0000D6FEFA9F36E22DCEF64F6DB6697B836B6
:1018B000AF73D10755C6CE594D9AAED81B69D72400
:1018C0002D07EBE1F41090152E4A1652E37208D35F
:1018D0002C812F6B21C50C933CAFC0A204703CD966
:1018E000A6E5973AC8802F822D721C99B4024792C0
:1018F000BA5471634BBFBBA2B94FCCA0C9C6FA6042
:101900008ED7B6F92572EEF16D7D66A80B5A6D98EB
:10191000D974ABE56025AE795613AE09F288277607
:1019200024EFC49EF179F775CF5D17ED52E1C845FC
:1019300097BAD3B2B8486E4BC24B44CCF397E57B11
:10194000EB2AF0D3298D1207281334ABE9BF953069
:10195000FC9E8899765EBE4F7F99881138774477D0
:10196000D7A3164C43C4283EF677444C944263C830
:10197000206276A57C58A9481934B349C7F10E1CDA
:10198000F7BBDFF57496A50457EE4CB9BF345A483F
:10199000C4E894D2094BA51AC675FF585E9A83CC49
:1019A000944B85292D8A2CE90B8818B73F754391F4
:1019B000FF0F444C550A5033DD37708F463EEDEC37
:1019C00080FE6ECA98A4BF0E71B12EFF219BE94A1A
:1019D000F9C5E2C8B338EA53FCCB5F211F0CE842DB
:1019E0007680F8728A8666ACB1EEA0EE6BA19603A3
:1019F00047F41C89545C33642CFC682FC236EDBF5D
:101A00004532385EC271E670C414DB35397F5F3E03
:101A10008E389D69383AFAC14F9766DF2D4747E502
:101A2000A56A026A93FB27352BA49CA6D0BC0B6E3B
:101A30001B374871386E706FF3DC35E388C8F48B60
:101A40008828D617C5542E6F94221EACF1ACB14B2A
:101A50005A67B69B5224AD8FF9AAA8B0FB5EFF224D
:101A60007E572F442B6A03C4945A1C4F426903E4E7
:101A7000BD5A5B25E4CAEFF6FA376656D1B82C9505
:101A8000DA6889B228FDFD2405B3F755954FBA846D
:101A900027A0F414A93470C21CF2396CD7AA964B53
:101AA000760DE27F51A048156400D8BAB9ED9A1FAF
:101AB00067E6AE295EFE0DB3494312674F0ABE9535
:101AC000ED7EF351FD8EC646B184BA796F380E5D56
:101AD00028C5A1556EDC3EDC7B8AF62CC2BDA69BD8
:101AE0008D7BCA2747C314B997DCA4FA9A3BC70475
:101AF000FD04163EC783706FFD325F283AA0B43AEA
:101B000078A24BF23D60F987FD0FF81DF04172BCE1
:101B10009963D4B78166A8DB74D877D1248E2A550F
:101B2000B397E195E9077AB53E6D6328CAA0E8DB73
:101B3000431017A9A9718ABE3D56AEA310E8457996
:101B40006FB8993AF80BDACA09403B9A0A53E49FF6
:101B5000064FFA69FA8AB95807B19FACF8429BA0C0
:101B6000BC73B4EB94DEB72E2E87DC962F8D0E2D32
:101B700010B2162A51CF252839AE6CCCF71CD644AA
:101B8000F657DE4B23EA0A527A2C0A68B454908A3C
:101B90005B867672BCBF17E17E3743F48B330CBC97
:101BA00046DCFE6FDD5E45DF1EC6338A0FEE1EFD8E
:101BB000C872E0304D69D91BBE08077CA656F1E417
:101BC0001089281C555E34D6F25FEDC738B01F9FD0
:101BD0002BD29B22E4FE607AB5B87F2BE6CA35C8CB
:101BE0002D36438B959ED930A205F14AFF841231E0
:101BF000334E28F31FA2343E3886AA98ABCCDFCEF2
:101C0000500EF3E0B777A819CF2284F567C759E8DB
:101C10003DB9E4DA0281B0283D7902F71F8C9EBD00
:101C20000B95A4F83C7EAC20F97BF0FBD8E7CBFE0B
:101C30007E6C2AC1B92B9AEE329E4C64A907D83724
:101C40006613D8E0A9E075E3C1EB3E5162046D0173
:101C5000AF0B9E371E7BE367C1EB2E01ED01EF1B3F
:101C60000F7C4C3867FDAE1CAF9C2B6DB73AF1E88A
:101C70001CA21BA4DFADF4A7F9F2783DECFD549053
:101C8000EF62BD2725AB948C6341399E8A3CA6B494
:101C900061C2C8ACB02209CF62B7967E4C8079ECA5
:101CA000A2E3D1B7472BE63BAFE3D5A6D9FFB637C2
:101CB000CD860C88E2A03F4A3B90E8D924798FC8B2
:101CC000B37296093E91C5B1A0CDC46C9F4EF28B04
:101CD00034087C6C3C78E9C910B5650E062AF3E43B
:101CE0002736CE6B6427D14667ABD4E3AF103E0DE9
:101CF0007C16AFAE1C8411EF42BA1479A672A041D3
:101D00008CD343F2A9349A01A3DB861253F4E05F2B
:101D1000545CEDD7F9A9FCB816246EF7927C9306B3
:101D20009763BA902545CE6D73A19CE86DE96777FE
:101D3000F718412BC2BD41807FA00BC95E50FFD573
:101D40006C8ECFF3F8317410C9E77AFC7529892BB2
:101D500019EAEEA0A2237A21C5F903D09D5C794E41
:101D6000B6DEEF9FE5B7BF33EB20789BAE68C83097
:101D70002C3E890D3FE3311F2E8942DC65BF8D0962
:101D80004E1586285027E85340993626E597964207
:101D90007AEF140D3A120DDAC18296B0A02146886E
:101DA0000E8C101D4441741005D18101A203AC3585
:101DB0003110AF617DAE54E6DC2CF03D614217433B
:101DC000A1B18A24DC8C9469F5F6E61548C7DD32AA
:101DD000E3ACC6BDD1FBB354A65569D5E3440C6E44
:101DE0004177E77517FC8677759EF6BDA18AB237F5
:101DF0006D46B341CFCD7EF109FCCE0EBC26A73D8A
:101E0000D862F643098C9F9F1667DB38D3361722BA
:101E1000036EDB029F7DBE6A378D8AEA0F29F7A326
:101E2000402B76B6EA521EA9E74FD0C8FD17BF3E39
:101E3000A21E7CE1F6BB9D52EE215393983A2035C9
:101E40007FA86F12BE8756042D64CC69A07F7E7E6A
:101E5000D1FA3910618D7AA8D21E3D0A3C55D17D48
:101E60009ECAFA4DD6385C8F7BB4DF1DE0FCEEDDF8
:101E7000BE80D43D4316BAF27204E0F8881754BE0F
:101E800016515CAC50DEE241470A0FEBBDC06D97C6
:101E9000459A0761DEAD0ABFAF256B9793422C4E82
:101EA000D97500DB036C7195197101E4D2516D4A4B
:101EB0005F5FC1BCDDC1EFB441643976AC4FF679E8
:101EC00011F26C7FA04B2BEBB13551D1DED02EAD92
:101ED0009082FD1A8C8E419A9182335719A5B3983E
:101EE000860F2B0D1FB6B1866C294665BAC354699F
:101EF000B651F694447F71D3385474CC4C55FDC21E
:101F0000D2269C82D844B153D64B78AC43B95E6993
:101F1000ACF9D55E3FFD2269FDEDA2EFCD5BB6E3E6
:101F20000AE7F6EFEA59522776A9D5973F83593049
:101F3000F6AE56C53D0F993D1F02B643AE7DBB12AE
:101F4000216B2489649DDD2CC1C6746BC0EE9B415E
:101F50007ED6FBBA9D2B1955E251712BD02E68A16C
:101F600057EDC4F00FE93F11293112FF5D9FA99A87
:101F70009F478B5D8D7965C713953E6A58A458C4F9
:101F80005D5D48DF0E73D6F25AB982E9811ED6969E
:101F9000DD91B8E4D21B04B99E18EF86EB074BF233
:101FA0006E5E08563854FE469244D58D665B7C3E84
:101FB00062D83F54B9446F34B29D0DF0D5F78C14FC
:101FC0003BF977F78DB57C5E2FE405584E9C53FAAC
:101FD000FDE989F584E562BD54DF567AB5F4BBDFCF
:101FE000B1FAC0C7D29DA040F638572FC8A93A0809
:101FF000FDE3BC9B012319D2953172B627D445DC91
:1020000037DB0D17F9F0D2A531A95578A4953142E7
:102010001F43CB42859F653D74448B9A6774449AF5
:10202000CD1401BAC86C6AFE35EFED90D6BE0BE850
:1020300029877A90BC0A0416334D0C5B44F297341E
:10204000C8BE8F8B16EFBE8EEA663E43C8D190AFF6
:10205000F6F4BFE2DEC4B3AAEB463060B6913E4C64
:10206000C3FB506744D90F2AD0089FFE2F31E39558
:102070000E9B89E7DB912D8D71D6927C024D324EFD
:1020800017C973F424C6D942F273204705CBEA522C
:10209000930860C8A536A09D7B5D6A3592AC4683E7
:1020A000D2E63BF7D9BBF72246495E567F8F1C9E8E
:1020B000D995C7EFEF83864A908759EEF6C9E2A219
:1020C00051029FE387DF91257EB785A7A4BBA0EFD0
:1020D000B698E704A2C655900346F7479821DB79E6
:1020E000C9379BEBEF6F7943399E8192FE923E9AFE
:1020F000F423721F0CD9879D76937F5456448464D1
:102100008BDCEA51FF725FA6EFCA91963ACAFE577E
:10211000359682B03D5477EF1EE694372AD23DE6DD
:102120002ECCA1E7C15A712D381AA3523F945611F3
:102130004C08476243F6BB14DA32DE72515E1FEC84
:1021400044D29A474D97D15E9B22C536EE0AFA8C4F
:10215000AAF6386BF6D3A2C45584694A2647B0FB69
:10216000DB2092B9A76849C327C3F7E813E0C3424D
:10217000CEE8E50877317D127395BDB1CCF3B83167
:10218000BFF0E6BFF1AFCF4F731246E9FDFDB85681
:10219000598ADE62FC0BB1FA17232DAA215FCA58B7
:1021A00042BB4F4681FD242CB8FD4AFF3854FBD476
:1021B0005178F488B8F2457E8434DF1EF23EC5EFD4
:1021C00018E5CFE7FAF9E3DD1205C2EC50D99655D0
:1021D0005E92E6DDB86E3FC8A4652FDD928F2D823A
:1021E0001FEE2917B4B571D5705F617919E1DEA0D2
:1021F000AF6F707FE09E5824F584325ED598421907
:10220000DF2A5F2F2C22AA4E493DEBC099B4AF1FA5
:10221000EE5FE1296AC2B9F688FE805C5B69ED2E4B
:102220001DE86B10B2D4B947DFFD71E1A7FDFA5E7E
:102230002FB43EECDEA1C60D751BDE418A8790AD42
:10224000F32665553A4A48C53AA2F806670F724E1A
:10225000879E78A76712D41205D18BB1BC2593282D
:102260002ACC3FEB7E3BD365377151903B4715E855
:10227000DF170553B9B316517B312CE2EB4CBCC7C9
:1022800007E8653CC69C2F2EFF7A23FA527F5E64D6
:10229000BC1B9160D2990E3B3D48B19FB1388FBCB9
:1022A000FB910EFC904FA2F45740B310F59122DF42
:1022B0001BF034D6F237EC63ED717358A9BD71A2EF
:1022C000F72E444BF77CEDDD3A941F49651256E238
:1022D00058D51281B55867E1ED1C415828F0180A0D
:1022E0007F393F7EB07BAF1D6C3E5F5E8B465A50A0
:1022F000936441B17E081CBBEFB76C81B079A12417
:102300006BA057C9302AC3713F813D7DE0EE6E3B23
:10231000D8FD9DB3AFC8714547EF6E7D0BF635CD47
:10232000BF3AE45481BF97EB337C062D08B7BC87D6
:102330006915CA2BBDD5E27613923D53E6BBD39DFA
:1023400021C972C9DA87A024E880AA09EC0E7D6E43
:102350009030F5EBB38AB1B6A840BF08D3C4334C74
:10236000268CF4EE36235EBDB29B9A5833DDABEC7F
:1023700038C1F1648FD17901EF018C9E9EA744E2B0
:102380000697BD69194488350E7E798B16D70211E0
:10239000E25467AAF47E6BB91F3DDD199E3CDD490E
:1023A0003AD694AF716D49F0E53CADE776566E498B
:1023B00008B09CAEDF9230E473CE2A9167B414DB90
:1023C000394D2A9809CFD26AF73B5DA54A5D87B19E
:1023D0007D2B2BEDFEA7F27C48F23BE3BADFBEF982
:1023E000D1968450CB42A881B06CAEDF924C599606
:1023F000D4B371BF67A30EB9F3BAB6E80E29FE478E
:10240000F69EFB9D6A2A656DE7DFBE979EECB43AA7
:102410005FF68246AF7A6DE7DAFF4C04DC4FDF8E61
:1024200087BFC5DFEAE0EFAFBEAB4AA5383D0FFD81
:10243000A77AEFA08B7A9570BE0CADCBBBF64F3D63
:10244000FC32DA97FF196A99A2F90A052DC5EFD374
:102450003FA1F73BB7FD674A6E1811B474DB4F53C9
:102460007235F05BA5D9E665C29AD1E4ED6CBC0685
:10247000B11F41CE39558328DA1D5ADB87D74A135D
:10248000836F6F52C7E32CFD3604FEEB9F49C0D724
:102490005482336B90BFA8F96894A8A7C95EFB2744
:1024A0004EB69A4694C93DB66580E05C14F21F9F13
:1024B000BA2715E36C225E15906A3E06783DC6E3A6
:1024C000B2F9CB77A6FACAEE77E2957FB8B4700579
:1024D000C1150E17DE473701AE78B81EC37BEAA0E0
:1024E00074784BDFEDD8845B7A87A42FBAAD1AFCE1
:1024F0007E54A42A473D69916BF9C4F96D32E66EAA
:1025000033CD3A5E0DB1ABCD4359F0BA7675AA2DF5
:1025100016EF47E26F5F44E4B6AD381AE27D252E30
:102520001C8B6BFA04684B7EC214F7E3BE4DC69C4D
:1025300016D77FC2F59B67355DAFC73D12882AFD70
:10254000F2F1DB10923F0B739FC3D19CE8E0FA7865
:102550004D3B92EF1DE76709D9D66005537BCE3D11
:10256000BB7640BEF7FCE73B9742DF78AB9E087E28
:102570008FAE4222750BE92D788F2FD5A0B9E13CA3
:1025800027479257D3F15BBEC4E025168DB24FCEDC
:10259000DABF44C92A5BFB7C7709437795F77C77E0
:1025A00068E82EFDAEEFAEA1B73A7D896568DFF031
:1025B0009DF0C47C9CFF409DF16A19F69E37729D88
:1025C0004047DE5A6839519F6D35EB2183E3CA5B82
:1025D0004C48282CF1B89A3FFC1E640F883CE63228
:1025E0004BB32008EB24C495DF862797B770A8B7B4
:1025F000B8B7D076EA6026CE584547CB0F916789A9
:10260000CA6C2BD66068E7BF2A923F3E86EFEDCDBD
:102610008ECB8CD78474CDE66644AACC8E41C6CBD3
:10262000DDF7E418F1D45898DFEC827BBBCB31980E
:10263000CF45E2DD1B20D325EEC29C6D73CE25DB9A
:1026400062A90CC2C4DF6E42174E611FDEA8E7AF5D
:102650007910A670F50C06969EBAD48CEF13B94B80
:10266000C77670C185C11E33B480A13D013B8E0980
:1026700012AF6C6B91F4EBDC8465A4D7ED58854701
:10268000756C73C55AFCBB73882ADB1A992898A409
:10269000DA69BC2B7A53FFAC32665A28C2EB6B69FD
:1026A0009D9A3EFC4E525E5F7BA155BD2472765CC6
:1026B000BECD74E414A386A86705CE8EAFFFCDCE41
:1026C000CD26C6CE71A6C153419A717C0519426CC4
:1026D000B39B754865CE47530A72D02127BFEAAE37
:1026E0001A3CADCA9940E03143E650DF7DE5A039A0
:1026F000C677DF3A90B4E1EAABC36B7CE42AF334EB
:10270000A48A5AA24F2660F454FDD43246AD6E908E
:102710006BD51D5F0151F006D4AFE733EFA102FA8C
:102720006B88FDBF86D87FB8167417B270F019C6D3
:10273000DC33820C49E8FE32678F6BB8EE56AF2B64
:102740000CA97AEB872568E871C522D52D17AE57FD
:1027500091AFDB351DA9D6D4E3DD30548A9019DB67
:10276000F796BA2C45DE13F3DC8D17AEBDD496DB9D
:1027700016575810C2E473F5FA34D018BF1FCEC9EB
:102780006F667F2816F31D6F55176229D272F15BB1
:1027900034A5D61B69B93502AEF93905D2F09F616F
:1027A000A92B7F1C21DFCDB4DCAF71B96DD23C9871
:1027B00038F6BA1DDCE4147A2AF1BD935FE725D31D
:1027C0004A4F96CE73519691FB59AEAE4C5A55BDB9
:1027D0000AEF6A212CEDAEE7D75577D6DC38D3F671
:1027E00065EB737D2FDC59DA997163E5B5DCAE9347
:1027F000D75EEA7A05A4DE9FBF2F27318D48719EF0
:10280000C423F7C33FF42F82CDF1BF715BF4EFA473
:10281000F48BE13EE0E12E3E71AAAAE655CD868E0C
:1028200065A92B6A5668565E7D3DE98DEA37C83743
:10283000AFAE4E5A53BD6639D41391AB46E24575DF
:10284000927E2181E7F74FCE4E695E6EB6CD699CD0
:1028500037C551888CF94B05FEB766D514C706C23B
:102860006EA19142F7A34CD7BA91F13E8E8A20B265
:10287000F622E80F0956F99A30CA2D1EEE1F7ADEAD
:10288000C0A7CE50F99E1AD6533A77F8EC41FD1EF8
:10289000CC4738ACD4F7C74475A25FA3DA565F477C
:1028A0003F44D84FE09D56D480942376F581FD694E
:1028B0002557FACAAF6D7411C19A1BC66B716D7240
:1028C000CF564E8ACBF1AD66357C14B2A47AF97F2F
:1028D000DDCBAFBED9A2C484C7222835C23B15B018
:1028E000FD2282DFE7262036E41602CBA6EC7B929F
:1028F000ED42F3BB153C9FD689243FE7A2FF82F748
:10290000ADB1C574BA6CF7EAA8030978A7489DD0A1
:102910004D6E5E67EC94DF5ACC6F5BD05A77710FC7
:10292000199103F9727017496EA87E15BF8FA85EC2
:1029300041AE947BAEFDB465899EC133C29DED6C02
:1029400091F6B4FCBD2299B73B34D5824C6139571E
:10295000FE7C0852FA371DBFFF11D506958C13CEA9
:102960001ECE999AE844927EBD25BDCD9BAD7F01D8
:10297000307E2BCFF06367A888D9FC833B4985CF95
:1029800019992EFD4D5C0FFB81E303DFDB112C0D4C
:102990007E43B240A026CA3486D7F1BBA3AC7A06E8
:1029A0007A1A60724FDFC6304BFD8C75F2589DA8C5
:1029B000BC7F7F832D45E1BF1174301FCFEA89634F
:1029C00043D318DD47639DFBB0469E1C35C591A2DD
:1029D0009AEFB44396C6AFED4242345F164DDDFF29
:1029E0001E80B2E03701F65413B2737A4445576B38
:1029F000BEDB6AE7CC08BFD33A4AE37B0E5DA52F66
:102A0000166F050B91C72BF5AD5DEE225216BAA4D9
:102A100071394CE7C8D2B5FFAC57E15EB5AFC15FC5
:102A2000BAC8940DAB655CCC49E57995DCE3A69F0B
:102A3000ABD3B7F04AB92FC0E7DCC6FE854D53DAF9
:102A4000D9A4F8A07BCAF361E5F9AEF2DCA83CF7A3
:102A50006E5E2770C64EA6D44B18DBCCB415CDBC29
:102A600036EB8B0948D3C58E2694772586BD221573
:102A7000946014BEA6649B60FD3B1E03DCF7C46932
:102A8000A749F2B76B7624CBEF49C0DF115E12A2E3
:102A90002993147BAFC678F66FF49F64BACCCD79D6
:102AA000C9D9D6D075AE4DC8907BB3FA7A4DFBC963
:102AB0002BF3FB17F43ED7FDC2AD976E2EBD9ED112
:102AC000BEF2CA8F7DF61A6E946B91650178B536A9
:102AD0005B2C5FD2A316E95652E268F4BE1C972322
:102AE000F1DCE3D8F063FAFC654AFDEBF392F72FD3
:102AF0001BBDE287CD69AFEF7BDDEF8D1F56A5AD26
:102B0000DEB7DA6F4D47D6C3786F9D4453BBCC9A7E
:102B10002CD21FA9F89B8EC97A884D194D6EA31827
:102B2000168D3ED95E9114D7FA09D86DBCF750AA1C
:102B3000E571EFAB2ECF59BA88969E267B5F7179EF
:102B4000C0BE38CCCF2932A42BED8BF1AE66344811
:102B50005BC6D92CFA6938B2581E2AC169EFCB92EC
:102B60008C55F48BD2EF5FE157B6FEEF24A6FA68DE
:102B7000F78C537CC44E8526A344E66AF0BE30A38E
:102B8000DE9CA2350829EA73783D40389CF2851C0A
:102B9000AF54AE312F1C832DD79D94CF648875B56B
:102BA000DC3A075F918C65B1590493C2DF5FE2F6AE
:102BB0002B6FBA14D9467943A47A6AE9058A6CBFA7
:102BC00055EA2F71D13A03BB9756B393D4248EBFE5
:102BD000E1DEAAC812E77DE67A751977B15EE9C32E
:102BE000677292F33341F782CC1B90E1C506864AA7
:102BF000D0C872A0653B39D6581A7EDD85C796E2EB
:102C0000D84A0F44941E88283D09BBB885F518AAF8
:102C1000E3D8DD9E996C8D6766492ABBBBE5776C6E
:102C20000D8D8454766F4B06C052E1E98F6C35945C
:102C3000D80D570D5C7BF16F4B0A48938265819CE0
:102C400067617832FB81E7E52AAECCE5A2C9591469
:102C5000B7E3D81EAEAA9EBC64DE24655786C6C202
:102C600003A7C84B33B8A38B6C267EB357836B1D69
:102C7000CBB1FB3D0617AD96E871040CF4F014C916
:102C800095141E3CE52B5952F8FE29C8280DB7367D
:102C9000898277D0167B732B6B6C319835EA592F6C
:102CA00026416E5DFCE2518C2D596E8B3D2D6130BD
:102CB000F43440DFE7AE1C39BA4830CDBA94E8921C
:102CC0007F9F557E2DCAEF3C9095981500759B21EE
:102CD0008212351ED58563A2063D53DA0C5E991427
:102CE000733541A5A7440D1D74E194908177E49656
:102CF0009EC5FD02713EC9EEA649A0D45E68115280
:102D00004BBF29C928D2947EC5D05ED5A5638D99C5
:102D1000FD7A4537533EE6761EC1357C9BCC8071EB
:102D2000C72B4DF25899522A922372BC83F2383A3B
:102D30009274C78994CB1F7FC8C51CC0B3E0F9C388
:102D4000CEE7A4FC6C7AE9525726322879E2B470B7
:102D50009EFD7B4BAB8CCB9D56BA94FDC8730E4643
:102D6000F39F2DADD08BE7F0CE5E989D5AB3C68A07
:102D70006CB1E7B7B2D52DD26E5E97C62A7D19F138
:102D80006CF1F0FE5EE9CB1DED016EF9619769F81B
:102D90006B1DFC4D56308C7573C2C4A7618413D96A
:102DA0007D00FB00AEFD7055D2494093043449D0FC
:102DB000074930F249804F626814E2324B5F6A592A
:102DC000E1DE0FB4C40A3456A0B1625D051AFC8D71
:102DD0008F157858B1E6D1D94091FDF153EC6EBD15
:102DE0009DAD816B2F9DAD7C31D400FC1BA06C038D
:102DF000946D007803946D80B20D50B601F81F05F4
:102E0000FC51C01F05FC51C01F05FC51C01F05FC33
:102E100051287F1CF0C7A15DC7017F1CF0C7D97D79
:102E200070FF01FCEE87AB926E62AB9B9BCA2CECF1
:102E30006E57135034410B9B363F053C9AD90F9A7D
:102E40009BD8FDAEA67C0B5BE9FA6CEC7CA0FB7C0E
:102E5000D77C98059F3F8C7BE333CB53C0ED734603
:102E60006B0D06EACF81E367E6097936E0FA19D4FB
:102E7000F805A30DCF03EE67635E665400ADCE3C4C
:102E80006316E3DE2FCA6054621CBB3BF30C638FF6
:102E90007D9FAD01E8942D471915BB85DD0B30559D
:102EA0001E480FB0F726FF0059EB64F60389EE07C2
:102EB000763FC092B7A918D5946D6C65E63946B5D2
:102EC00043051CCF99EB1E7D8851D53D0AFCCE31C0
:102ED000F6E90F01BF73E6DF94A630AAE452E0776B
:102EE0008ED1EE4801D9CE9B3F9BBE9AD17E361D36
:102EF000643CCFE44D5F0D329E37BFBC4360B4BF2E
:102F0000DB01327E351164DC2100C72FCD5FCDFCA3
:102F1000307839A3FA6A26F0FC92514DFB10787E86
:102F2000695E5FD1C4A8F80AE009B01D4D20E3979F
:102F300066F7AC1F19957B16C888E97E0419BF3463
:102F4000DB2B6946B5BE1264BCC0A8F6D2C0F182C4
:102F5000F976D2AF18D56DD0100CB3FC0AF85D30FD
:102F60008BBB9F6254F6DDC0EF02A3DD8B7BFBA21F
:102F700059CBBDCA68B51CC40FAF829C17D9FDB52B
:102F80001740B6AFA12FBF86D1FD1AC6E66BE8EF9A
:102F9000AF81F66BC05F02BBB01BE61C9E777BE186
:102FA000DA47E31D8E085A86B365D23717014F0200
:102FB0008E041CF9CF63EB2CD78E7DD40C168AFAC5
:102FC000E81443BD4A5E3B9568D97B96D1A6D350A1
:102FD0008E622B9B41623D5DF5744032BBDB4B033F
:102FE0005F0DA34D80F2991A284FB3957ADD93A017
:102FF000A1B48EAD7169D9BD70EDF36801A3032D45
:1030000081FCDC85B5DC0FF463145B53EB07A5FD95
:10301000A0663FC0033CD35FF73294F48716E68284
:103020004C01E63F8175D46A83802A00B804B01F42
:10303000D4FA430FFA83ECA341F6D1403B1AE84699
:10304000037E3470190D5C46838CA3013F06F06348
:10305000003F06F063003F06F063003F06F06300A8
:103060001F06F830C087013E0CE061000F83791223
:103070000EF0F02B587FC78A2482D28BC29940EC85
:10308000393C63D97D8BC281329CDDDF8CD717C67A
:1030900001E538E0300EC66A1CD4300E6A1807F815
:1030A00071C0691CE0C7033E92D1222DD08C875A93
:1030B00022814724D044023E12F00F00FE01C03DA1
:1030C00000B807A0FC03807B00CA3F00F807F0FAB5
:1030D00005D8CC72B04306B094605D5A0CE03BA2B8
:1030E000802E8ADDD76C603F701960ECF1CC37EE32
:1030F00049052A23D804163819F1CE57E064042E66
:1031000046A8211A6A88067834708E065834B4317D
:1031100016E0B1008F05782C708C05FA58C0C702F4
:103120003E166A53B1952D13806602D04C001ABC2E
:103130008A1207CF3023E1AA816B2F5CFBE0DA0F04
:1031400057253D0970930037097093003709709334
:1031500080DF24C04F02FC64C04F06FC64C04F06F1
:10316000FECBC0334E061A98B970ED870BAFD25420
:10317000C3B51BAE1AB8F6C2B5CFFB08D89678C057
:10318000E3159C47010F3318AE1AB8F6E267F0A2B8
:10319000FBE959AE45FFDFF66FC7B14BD23CB8D45F
:1031A0002C6A3A21BBBF6F0E801FC7DF59BA322588
:1031B0003E56B87280570ED0E7004D8EC47B848D8A
:1031C00007FE09C03F61C8BE2BB61CEE93803E09C6
:1031D000685380360568538056F2F280C7F70BE0DB
:1031E000FEB72E8764EF65799579793E15472AA554
:1031F000C7C076123B9A2F350FCD559F8C7BE1DAF5
:103200008F658558A61A2E88695C66886D86EC3BAA
:103210007DD485B5046C7C3F68734B27403B6114BB
:103220007F06C8CF4005BA22AD87618DC0DAF10CA8
:10323000C09EA9CA003E2F0B1A57F328A81BF7D12E
:103240008E664922A566E82BB2F42BF8ABBAF0D50E
:103250009095C092EC6B51614B71E9DF3E790E7233
:103260006B3BCFFE80232C88843EF058159F8470E2
:103270005C72047081D731AE04EB69814491CBD08C
:103280000D60453C058CC60ABFCD05F2E529C0148A
:103290008C2641839F193A5D836122F52AFCBA147A
:1032A000BCEFB759A2CDC231509EB4DF3B0F64CB07
:1032B00003B9F37CF70C480ED6AA002429D869017B
:1032C0006BB4056650DE110BD8A43C688B4C5FD301
:1032D0002241EF87D15B7CE5A09DB98D1C5E335503
:1032E000E2C4FFD9912C47929E2D43B1CA04EFA1AD
:1032F0001340F3B77F056788A33552540E3CF6663A
:103300005FCBBE91DD99DD657B8A78AA2895E0A820
:103310005702342E8A98652E4686AAA719157AB4C4
:103320005CEF42871DCD4444A80331AF51AFD6793D
:103330005B88CF8B6DA629EDCD28EFBCB4C3E47CB0
:10334000DE79BBE96C81D8D43358DED28C8A0AFB93
:10335000B7EE3C296EDC84F2C20B34FBB6ABF668E8
:1033600006A818B6B266204F6B4BB2A5DA59C86CE6
:10337000BBFF88A6E7FD255B784A880DA6DCCE9EBC
:1033800041CA84BF8E728FCDBCC3E76A9122DFBB76
:103390009F83CC6BCF2A79C6AE8AE4E04C88D6AC4A
:1033A000113999A8CA14119283CA9D2ED45DCC6C90
:1033B00050BFBA780B112DD266D4586C86782CF297
:1033C0002B31632A0AF92AF22B1C85AAF671F1E641
:1033D000C8BEC108DA0FCD6CB3EFE6C2298EF10B7F
:1033E000D296B71C47B34E4A7D05E32DD27D83A20A
:1033F0001A6967DD8038474BBDEBDA08F0EA8E6565
:103400006C4DC7B2ECD50B8A6CF342E7B846852306
:10341000910ED2F221FD8809405A978E9CC556EA3A
:10342000F08EA831CAAAE65FE5A8960BBF9A1111E3
:10343000760AD94CDDC5E78B219645E7A1D7207FD9
:10344000091FA6B5EE152062EA1D513ABDF6FC6CC7
:10345000C60F6989B9E67CBC3B5197C74EC0D7E619
:103460007CE9375AF9559E87CBB5BEF7E47C22D963
:1034700096F6C7AE719DAC01280C40611849D15039
:10348000A58AFDBC805C6F7C2BE2B95C1450C0E760
:10349000F8918F53BF49ACE2F8DBB58F3E97CBDF95
:1034A0002E2096E646F86B10DCAF7F8158901BE12A
:1034B000A74113F78A69038375774F22FE1DBFF872
:1034C00047B752AC7BAD78C7BDD3AFAF7F86BB44A7
:1034D000D713C31DD6CE4DE4798EB0CD0DE5F835AA
:1034E000FA5FF17F9AF7ABC7E97D89A1A9FCCB1DF3
:1034F000A87CFB78247684A1F2220D62BC4FA280C6
:10350000547E74F324EAA1CD5C44801F7247FCE72B
:10351000076614D2F24E7F74732A431B346EB1EDEA
:103520001ACE2EA45DF243B2A3ED786D9E67EEC570
:10353000E1D1B4D772E1667D9FF256C44C53E87274
:1035400031EEF3FBFBB6E16D394B3197A9D18E63B8
:1035500090B5CD52C6A744D6262E0FC21A54C41D0C
:103560007EF30EC997F8ABF5CDF8CD89A9B288E303
:103570007B3CC8094F6C01FD17FC6B6F6EFE0BE4C2
:10358000759CF41D1039CBA9E26A11FE4E962DE808
:10359000A990F474ABC71ABC5AA49F4051F3F0A889
:1035A000CD6A2D4B29A71F46924CB1DE65ACB17692
:1035B0007911C74EEACD25EF907DD9ADD96DBE59B1
:1035C00047A4D9E699FDC3D1F038E72BE3ACFC2A38
:1035D000CF6466B9F36174ABB0B1B8AEC383B07EEB
:1035E000877C85675EE457215F0D67819576DB1CDC
:1035F000628E2DEDC8FCD0E4719D1B6FC87A90FFE0
:103600000B3D48B0A94C9F17D84117AEBE12B1C8A8
:1036100081020A8F8056043F5DF5349FE717E64626
:10362000A3520E3B7E9F68B3F03D83E8B0B02AB151
:10363000EE403DCCFF5589FC2E4F286FCF40C49CF7
:103640007F392617BADFF54B104F62CDF801F16FC5
:10365000FB851CDACABC11818487F8B05188718D52
:10366000D2F20FD241FCCB2F30FC163F54726A3C91
:10367000C7BFEC2218684369F87427E4D8034240B6
:1036800023E72EEBEFBCC5DD5AB8433BCB19928C38
:10369000BF43E397FD0B3D4EFF2B2124FCD3ED3BB5
:1036A0008EDED2BB45D7807FF8AED42A4E1CDD1902
:1036B00018C5E11D8B51F319556760FF1F547F3BFF
:1036C00041F01BD792E58E30D0AC4D685BB8A8377F
:1036D000A14F9CAA3D745FB92316ED2A6444137A66
:1036E00054B44F56F54DDFFABABD7FFAAD50F7F638
:1036F0009E7E2195777C8B741C5F7E433BCBB151C2
:10370000C0DE169F66711189E638A22A951FD3A2E2
:1037100075DBE836916E0DE46FD406843EFC78C00C
:103720003C823A52C2B9C7749F632C0383EB8ADC94
:10373000E3A933B6B4D307DF293871F0717A5E623A
:10374000F0E1F25DE31155B7B260FCE1FFADA1110C
:1037500011A7509D279380BC1734D5662A393CDDCC
:103760003EABF0E01137396A92CDB2F0C03BB959A7
:1037700007BE2F683CF05CC1E5237F748C138EB8C4
:10378000CEDF76EAA5EF5D5F3CF86EB9D30423BFC8
:10379000784B496611EDB36DCCB2A90861DB862D7B
:1037A000D76ED9239869D0239F87D9ADFC2ACF7CC7
:1037B000D0B45143B4E02DCC60B5B04680662067EC
:1037C00083643FFEB080C3AB0A76534A78794833AE
:1037D000327B55A877CB701BBEDB02393CFA6E0BEF
:1037E0005E659074492A657D11EC9741B15F1224A2
:1037F000FDF7D599ACB12BFE34A78716B013BD29C0
:10380000B825900FFF46C98731D4E85820D2E9AADD
:10381000B1AD6B5B07AFADED2CDE0AB31D322C0FE3
:10382000CEB2F28489F9F58A97AEF158A53964A031
:1038300057E20CD3B7524271FF3C25796FF0EF3B52
:10384000FE2D7938CCD5E49D7B9E5BDBFAEE0D4CEA
:10385000F7EDEF8542DBD98BB214B1DE2786A8A243
:10386000BD69B24474DA0889263A9E12E94A49A22F
:103870007FFF1B3C8EA0BC09B5612E436563BDA9CB
:1038800097658E0F7BA7CB5C6A2D23B8C43A524450
:10389000FA1989CB9FBF8188C2F69DAFFEA9F89B1C
:1038A000A85E990BEB4D5ADBFA87415F0D2585F930
:1038B00067317648BE842B72A987BCF1721D99BF0F
:1038C0001E5147B4639648C74B75FCFA22487B5794
:1038D000A6F14C069F8FFBAADA132EF5DC633EFEA1
:1038E00055235B10E39DD92E739FE48D934B3A666D
:1038F0008CE01EE3784CA40D12F73F9C85D1E9F2D1
:1039000071691CC9C5E89D7EDD37BEB1CAF84EBBE2
:103910006F7CA7828F94C7F7248C48271E11D5FB94
:103920000E15B3792CE20375A38914220DBF81AF64
:103930004A0B9E23CCCE9F133077A245D11FF34470
:10394000C8DF536C8A7E4DB7D7A6E4DE7FE5FCE284
:103950003A6E9B68B199166F51CA4F012ABBCDC40C
:103960000B8B0866590822A2EDB56A019E97DD43CC
:10397000F85955ABCEB6D7A464DBB88042FCC54E2F
:103980007EC749C75837C660A8EF3B9E920EC1C498
:1039900087988961B88618866F1A01CF2564984385
:1039A00082F15DBD522DC4447EDC4CE22627E9D372
:1039B00021F05DAAB5AD0F1E4B2B98582FD29D2438
:1039C000F4EDD1FC4CACD9782DEFC563B7406B7FDB
:1039D000DD887B3A4A8A3B9D6349FC7E6B8CBD4601
:1039E00087F89D9A307D2C1E2F4D936525C6DAE60B
:1039F00046F88D0BC6BB258439FA49247E5F73E2F5
:103A000048DA61C75C95308F9D7CAF20A2A87FF01B
:103A1000F15D7F25C40DFD81780753AC20F74CC2C2
:103A2000FBE51A0ADDFC9148CD1F82B50A181697EE
:103A30003392AEA166F616BC765E9D4BA40A43D0C7
:103A4000F43DC3D0E1F268F730B468085A593D0C30
:103A50002D19AEBF6A185A362CC1BBC3D05D435076
:103A6000EB5F86A1554350C32E195A0EB154C03591
:103A7000BBC91F4DF1D6128489F8097B96A5E05782
:103A80009CC4949BB584E49377D71EC014015C5109
:103A9000219FEB59909D91CFF1A5FD6A6192BBFCEE
:103AA000C59B5867D9BFB52873A7B6B72219FCBB09
:103AB0006C43EEA876EB50AF3472BF7E17CA4476E3
:103AC00021897A2F7D47A41B601CDFADC99FB7EE0B
:103AD0008804DB4FF774C3D8FD798FBCF6AB8F91A8
:103AE000DE6F7FE83448EF18A69841EB23B9A2D4E3
:103AF000885C3DE27B9A206EDC86CB570735CF3859
:103B0000D00FE506AB94F97D1BAF8D23529A2FCED3
:103B100015F58A7DFAB934198F4B803233128A70C9
:103B2000CFC3D347F20E98E191F351180A478E9C08
:103B30000FDA903F72E47CD0F4BC9123E78322C774
:103B4000C891F3412B85912337244FCEC891F3417F
:103B50005BB3478E9C0F6AB5F9A0D44879ADC350CA
:103B600061A8650D6F0D4387DB9B9E350C2D1A8276
:103B7000A23787A12543D0CAD787A165C33DB679AF
:103B800018BA6B08DABA69185A3504B56E4C2C921B
:103B9000BE86C4A3FCD7DA4B60CDC8B157602EE710
:103BA0000A78BC730366630B46CD795DB72BEDB025
:103BB0007E0E519E4FE33785AAF79BF1BBB680D4AA
:103BC00033429AA0D49A88F7D22810B98FFF13B342
:103BD0006B62856E040DFAF5D0B3DC87D72656509C
:103BE00071EE9017EEC9F53BCE814D96B423B047E8
:103BF000A45F051D7A7A40D691E6B35873E225DCBE
:103C0000D35D226D055C719FC0314E2F71E89A190A
:103C100074EAD08DEC738F702C7945C3AA6E69DE7F
:103C200023098D48278005FAD5DD3C65F7AE815420
:103C3000F4ED14E6F58CC4ABF8A7A87A1FBE35489E
:103C4000D6FFDACF7C9086407D0889BFDF688E4C36
:103C5000585C2461DFAF6D1AA20F4009B32117939E
:103C6000E01F3A8E8FBF66E79ED5C867FABC47DE75
:103C7000D2A8B8251ABEDF83EC5CA20265012A4BEC
:103C800015780DE202F82DF628F1CF67422A9E97AB
:103C90000CED39CDB7F600BD330CEF9BED698A4CC6
:103CA0002E91E6D5270EFE6A935A827ED873325C37
:103CB000F281E397E3F714D89E524A1EDF0A39B621
:103CC00047CA95650B0BB3F437CA3C380733323714
:103CD0009FCB92661D9B4F37E473F8CC3A36B6A75C
:103CE000496E77CB3FD7B8141FFB4FDC43AF4A3D3B
:103CF000B4F6BBEF0E2BFED385A156797CBE3D51A9
:103D0000A7F8C37F60E83609FAB77F5D57A0CD7F7B
:103D1000C7D04A79BC2E2F3C2CD21F416BD75E11E5
:103D2000E973F0FB532BFE92199E5BF1BB30DC264E
:103D300031B7A6A1746959B12B5687BF827CB3AE47
:103D4000A58594DA7AA0E71545A60F2B92ABDCF295
:103D50006EAF8E8F95B70952A6E2F848799B20E1A5
:103D60006A3E1A7A9BB0DF730EBF5150F6CA3D46C9
:103D700070CC323DC2EFF840FE7376D316A432CD3C
:103D80004555A9E54E4E8A56153F9F2E7D2D37A9E4
:103D900025979DEC2D90ED275D73FE7F6C1C1F20F9
:103DA0007ECA976FFFF47B07443CF5F0FC800879EE
:103DB000C3EF13F91DEDF5E28981C1DE225EA43E59
:103DC000B5A5ADEDFCE988BB74FBC0F78ED32EFC26
:103DD0007E55DA01BC87C6DF06EB2915FF225E653A
:103DE000AA35E26FDB4B7CF14FF5CEBDF814B898E5
:103DF0006320F55E8F518577D4E60EF48BB9B9D286
:103E00001B0E02AF9119CF734ADC54897F551CBD3C
:103E10001F7F0BE3D5C8593D6D2CF3E1FF22496D9F
:103E2000A53F50F4FD2F15FCAEB3D9CE87A18E1857
:103E300014D58C6B97396C2A5FD24271523FE77769
:103E4000EC95F52FB3263C39424F1310591BCCF497
:103E5000387FFC65BAC267675E72753AB616D2B72C
:103E6000C59B044435DB6B1C31AADAE698A8D4EC78
:103E700030DBDBA47E6171B906B7AFD94838D90F02
:103E80005AA2610CA23F7731FA5095FB25FA2EAE6B
:103E900019DA964898A09509E2460ED94ECAFD2037
:103EA000C950DBF3B6AEF0D96F946F2F93A4D32033
:103EB0009294F9B1AD5FDA6F28D115F66C3DE2C589
:103EC0005F9794718D071283B14F722E84B117DA08
:103ED000D798172283A6CDD86AFE2D32C8DEA9E175
:103EE000CC08FC7A865207C9F084D30057CBF0E5A2
:103EF000AF03DC477F0AE0A4429F01F07885FEE42F
:103F000008FA37009EA0D07F360C6FCF02F8330A34
:103F10007DB3C467B944EF0078BA427F6204FFB74B
:103F200000FEAA427FDCBC0C9FBCE0E315F367C037
:103F300059659CF528DC6F4B4C95B90936196A68B0
:103F4000C4DF79CB3BE2E41D5C263D611138C11230
:103F50009A1A926C8BCDEFA8DBDE8D16161131828A
:103F60002998763B9B077427F42C7EEF9F9C8FF754
:103F7000BD7506E2FD6FF2FE0A76FEE675BE3D19DE
:103F8000F83C14818B2BD89FFF68FE3F72F8C21E4D
:103F9000F59EA6228EFF4B8F7A7D348AEFDD243A80
:103FA000BC7FCEDAC25056B5E8FC3B827854DEB90D
:103FB000D216D50EFEC5BB3E481DBF3E68EC54D0A0
:103FC000CDB7BBD4EB839E0F5AFF0C0A59FF4C02AE
:103FD000FE0D5F209C11A4D33CA9784A2E67B8320D
:103FE000AFDBF9AAB47F2389A19EA16EBAFA17FDAF
:103FF000450F7578B3B62CACBF7287A15AD532A5E0
:10400000F5FB15E7811F023E6AE08716D6E3EF3D18
:1040100018BAF91B1BD7981A94CC07D790D9FA472E
:10402000389B58E7F090328EFB156539E40CC0B32D
:104030006A5FB655303D42BB2B5AFA088B7CC6A747
:10404000B2C3AEAF3A5DEE45272DD9B9D515BC8EBA
:104050009B5516889E09FC9B990AE1CB3CE86FD3DF
:10406000A9C8EEBB105DE77990545292B8C19C6D1F
:104070001DBBEE642735BBA6EBCB6B2FF5E5F655E4
:10408000DF3973E3EBB67FB52EBD93D1B5B2F395AF
:104090001B4EF01F62CEB209FA38BCEFE487DF880E
:1040A00011BD84359D6AED78357543CD06CDE68E1C
:1040B00015A92B6B566A565D7D23E9CDEA37C9AC4D
:1040C000AB6B744BB2ADFE09A22687D067E0DD036F
:1040D000B1AFEB974BFB325E97CF55B53E3AF5B794
:1040E000FE09322EE34F326EB9826B88F7619A3641
:1040F000CA98130AC6F0AB09AB450A698979F2334D
:104100008AC5DF168A7E9D34E39F839CAB41AFB6A0
:10411000F8BFCEF7CE0CD6BF2695DB20D3553EA4F4
:104120007A5CADB1CD66FC3B5532D5A475FA3578D5
:10413000BFD4879B9C2BF1CE95B8579C6BF059113F
:104140000FBF629F3E0AF927F0DB3463A6BEA9C801
:10415000F7CA2FE48B9DFA279F8435AB9576BDA1D6
:104160004814E3C36856C918EA4D1993CEBE98AEF9
:10417000F0C9E2B34D2AA55C96ED6C00A7C0DF80C4
:10418000C8172970A514B621395AFF046786F4FEB2
:104190007959BE47BEAB59A6D4BFECFE7E45E3E5D8
:1041A00096C72C579E23ABD43B8FC86DBBF912CF5B
:1041B00004A02F8BAEE2132CA491B78E56F82E0ECE
:1041C000BEF265EEFCDC1F850C41199FF088DCB166
:1041D00068C26A328C781BF7B802D5E0FEA61EDEF4
:1041E0007C4405094DFF223EF35B54177619BC91C0
:1041F00077F01FCE0EE0B0D2573E44651E45D8B8CA
:10420000A842E22C3EE14219475E198F310287F144
:1042100053366D22C61F8B70803FA31AC89DEE6176
:10422000CA3D4B66B6C9B4AD81C6CC430E4C4D15E4
:10423000FE77DAE57FF0D11A027CB4BAFF833666E6
:10424000B18F36DDCF471B5C187A0A53EC3C86A948
:1042500015BADF2BFDA7FD5AD04F93C6F198228FD8
:104260004698B864D4F5C35F0BEDDE1F858BAEF1C5
:10427000EBF07992C20A2AADFADAC9D6E7BA5EE85B
:10428000CCBD51D3169733457700F4AA779089B8FF
:104290004BF06BA209423A1572F83C48F20D7C1EB5
:1042A00064DDA6DF12C229A3E0B44A3B06515DC813
:1042B0003E6414A6A217726B20DA94BFBA9AA09C2F
:1042C0004E6C7D7C717F6CE9C2FA3A757E827B60B0
:1042D000679FB0EC72FDE275B96DD5ADF28CCF7C05
:1042E000CCCA4F4271A5C04DA2379C0EBD0265E5F8
:1042F000395E3409F9E095A782DB7DF0842D782FB3
:1043000022DE7DB8CFC17E043EEFEF34D89B4E7ADB
:10431000B2C0732EF4A9A05F8FF73DA9F2B2ADD25F
:10432000C95F5361B601966F70910C8DD4879BDB8A
:10433000C9C3EDEDE4567A5699C0D5395DC87FC939
:104340007745FE57F01E3BCD0D56FD317A4F4D207F
:10435000651D73FAFF71E2AEFA66CB24A4C4F14F77
:10436000C93BEDE4F678622A92194BF7A0EDACED6B
:10437000F3C9DB654B687A91DF764283A160073928
:104380003D2DC51D46B3FD9F37298E51A91ED5CFA2
:1043900007AAD1679EC73BCBA39EFA34571CD0A374
:1043A000F24B7039B4881746A33A8E216CA6ACC77D
:1043B000983FDD09B499DCC1DA8102CDCFDB295306
:1043C000C551FC15D20AEFF3F5F8F45F817ABF58B6
:1043D000FEF6097FA116B150404F82FF79DE2547D6
:1043E0006A992DE1BCB82834A1B7586F969E9BC23C
:1043F000F9F145E2A218806C2EDAE7642E7209B357
:10440000CA9C6669DFD9890A3E0B70541286D3892B
:10441000B3CAC445026021FEA0B3AD71DBF73978A1
:10442000B119E19356DE2B760D5CAC2FA7BB07F1DB
:104430007B95504EDE79B6C7C4AF6C41D97A7D8C7E
:10444000B4BF6F5BB77D9F338FD7BBA55119208257
:104450007516BC2F32D6B71BBBCF751C91F603392E
:1044600083F83B71FC7D78DD458194CB0A5715FDBF
:10447000FD17C65F4DAF5E56D72D9049CB646CCC0F
:10448000156A89FE2B698FDBA5CDEBB0EF9C7C23F1
:104490002EE7D16BD3DB7C7BB5037CBBBB7B92323D
:1044A000AE2E37667E92ABB748F3E2D9C9B9D5CA0A
:1044B000AC375CC4BB1F098B65897252ECEDE7D742
:1044C0009DBC669E0DB2E874D167DAEAF263547857
:1044D0007FABBCBB35E3466ED74B5D4B3BF18E6A81
:1044E000D5FF3806E30A08CBE49C4F0A147D61F639
:1044F000E5E80BA18651AB3E707D81C8AB3B4BD349
:10450000EDCD17900A74088FD5E5E2F772BB105510
:10451000B8B859D5AC41AA26197A5E82DAE1E9BD6C
:104520005C35BA08A3E8D195B959F403A2528CC2FC
:104530007FDF178BF7C42A7BD3FFE36B65ABE705FF
:10454000A54DADCD43DF4D77087378C18FB4BBB6B1
:104550000C4EA12711FC9FBD521C8EF7CAC70AEF53
:10456000D1B7609E4AF9D60BAAFFD932C8736AF454
:10457000FC05FBE12D8375873713EEEC515D44CAD2
:10458000917ADB9CAC7A2218AF0230D4F0FE53F45F
:10459000E3D8CFEDDC2D14C05116EC031861D10027
:1045A000DED12DCF8619EBF03909699DE2856928A6
:1045B0002EDF7807EFC654E46DF5C9D6FAAD328E1A
:1045C000018AFDFD1F1F26E11BA82B2714F1DBCB61
:1045D000D4D2AA91FCEEE1370AF6DBA17DB49714A0
:1045E0003D19A5D8C77FFA3086169B65F30B622E5E
:1045F000F0282B53132942A5E89C864E3AEB84BF42
:104600002758DD3E8ED6F98A0EFE5C2D245E26529A
:1046100062059B4579D735D7288CDC038AF77F3232
:10462000A5D3505AA97D861AF1F997D541E9D5420B
:10463000B0529BF5D2B09409B395D69DF7C9927E3E
:104640004696728F4AB1CFFB87E4FFE2F92E9BA515
:10465000F7F9FCCA3AFA5042642B96CEC7A7214517
:10466000A1B97646A0BE2B73C938D06D59BE24A51A
:10467000968EEA8C7F08336EE196BAAD655DB28C9A
:10468000E1E9758E83096EDADB87A50CF5F5C919AA
:10469000CAB5785D91ADBA55DE55EE3B77F1A5B65A
:1046A000B802A6B07B904A71C6E1B862DFCDBA4DC0
:1046B000CB889D3F39E7C053E129D1EE1A059AC84E
:1046C000C6DF45185EF4932DA564AFCAE58744FDA7
:1046D00054F4A573875B1995EF834FDB52B0658E59
:1046E0001592365FDD70FF3E718DFA35971802F432
:1046F000A515E9F67FF821DEDA426E4BAF11285F8F
:104700001F1DB703475CC7777DC2ECAA4A45C72E79
:104710002FEED6A857B8CADAA89403956228942F2A
:10472000AB582295DFDAA2E6FDA752DB9604584E7D
:104730002AE7071A1AF0C9370ABF8B4FF6E6EAEAEA
:10474000BC2B88232D587E66E70CB460271BDF8BBB
:10475000EC663F8439B8735BEECA1CB72DD10DF1FE
:10476000683DFC64BD468DDBF9F93D59A25E94E5D8
:104770002282F70944AAACFDEFD1BE5DB3AD4782FA
:104780004FA82CB7148DCF5AD85E8FCFA48B6DD382
:10479000DC9898D2FF5B5FCB2AFBF0C91265286BCF
:1047A0006A56977CEE9CBC9F9BD134806ECB67D9B8
:1047B000539B658B98267945D60E265C2EFB3EA32F
:1047C00049209573EE37EA7CEB5407F97154905306
:1047D0002DC5B7AF895402FE4E53C61C5E7353E914
:1047E000B97DBE51B7D6E843253BFC6BC5DEE50E6F
:1047F000CDBFDDBA144687C83A470EC25F9A516AE8
:10480000678354EB036E7DF4205E2D97F46FBC8FAD
:10481000DAC731BD4AE618F3B8A2CFB6217D7E17BC
:104820009FD5AF4A0D7B05CB6C3F21AC91298519F3
:1048300032AFF4B79491AAF4F1AAAC9029963F262E
:104840005324BCE9E385CA655E1B57C8BCDA5F9692
:10485000294F4C55A4DC4CDD778E9FD2DA777CD67D
:10486000103915FA290AFDC6A1F95846582EBB364B
:10487000AF633406158C80F4C5507BA27C1625CE20
:10488000C3A431B0D1D50A7509647F163C027B7E82
:104890004DF8D6F9AA9EBDE94C91FA7F56A3C5D72B
:1048A000FBD6F79EBFA2B4EFEDA1F66D95A5687F8C
:1048B0005869DF2B43ED2B025D1D2B9D33FA30A38E
:1048C00033A8F028E02F0AE60BBE71B0AE72874520
:1048D0000FCAB1F1F23AA5FC4A2582307AABF11E3B
:1048E0006D256FAACA4B9677CC5B867AA235DFD747
:1048F00013E9B9B20C7B4C320F9431345E39AF0DF1
:10490000E9EC273993739CAD12D40E75C44AF9C0F3
:10491000453EAC0BE9C3A4BCE6CFD58262AF2F28DD
:10492000F22DC1FBF09591BD572D50A9BE737612A3
:10493000B6C4E5849E566AB7F9BE9F6DCDB29F504E
:104940002399C7F2F34A7B160F7D0BFCA6EAB81A2F
:1049500085864C996A454A3EB05BC95D5E075B3C03
:104960003473B0A79F7C037B7963679C726EA1E16F
:104970000DDF57EA959B863CBD544F7B90E4E9657B
:10498000799F1BFAD6FC35A212E792251CDF554B06
:104990003A63A57CE267B9CD4D0F8AD4B6D18A5F60
:1049A000B9AD8C672F7153A6CAE892A932C68B5451
:1049B000E5E8EBF559D3C85091B66A899229543786
:1049C000599D2EBFF7A71312895965F814F79AB6A7
:1049D000DC1B38C696CF6F7FA1F3A51B4BAF65B428
:1049E000AD6C15BDDD0FEECFB19D12B86CBD984317
:1049F000E193E85BFBB7889BA6A15DC7147972E5DC
:104A00009A52A345EA5C88224F9EEF6474D1DBF58D
:104A1000A0E0695C691E3533BC6A15A3A30C449AF7
:104A2000BE0F7F59F3C56B62819F8119F55078E302
:104A3000A8921BA129F3AA657EA93E7ED0BED610FE
:104A40004BBD8AF3C7DF6A8778C7F9E22E7D3FCE78
:104A50002E03DECA9F6B9F289F8C55BE5347CCF711
:104A6000AD321FC4A767F2FEEA3037513628708C8A
:104A7000BA81E41FECF6FB3F4F339257DA2FC9E7B8
:104A800018FD36EA972763F2343DA6A8F0E63D7696
:104A9000776A9444539311E53B6BD36ED2482760F9
:104AA000F2141DF4692E3E7FABBF45F46A20EB1073
:104AB000695D2B5EA52A4D2EA159438BD11DD93B93
:104AC00070FFB99B72C925A7F20BBB95F52C9ABD57
:104AD000B2B11B9F4674CC773A2A3E2164618AF2B8
:104AE000EDF4229FEEB4FE06345CB6571B15AD9E66
:104AF00032F4EDF782F72B7DFD943F17F78DAF5F12
:104B00001A6A71BFC434B8356583983FC5E11A7815
:104B10005DBB7CF617D4847BEAD97ADF53684A19E7
:104B200047C58939EA56882F0DEEC0AE3686FAFBA6
:104B3000E02FF3ACABAB925657AF26D7E0880AE72D
:104B40005CBA94FC7AACB122DD33C87BF790FB9D54
:104B5000FCD55AB56FDD55BF5DCAAB5F81AC57253B
:104B600047B8ED1F29F6F0F43E277FD385644ACD80
:104B7000C732A566B548195497EBA5FF0185C75103
:104B8000EFB173FF17F7D4BF29F3E22AE80DA5C4EC
:104B9000CF0AF7CAE691DC633F9629635B410E8D2D
:104BA000C25D8AA98F75E153B488D4B81C9B658215
:104BB000164786CAD7FBB3F951D4034EAFF47F82B0
:104BC000CCDE916CB7D8087E2C3DA68AE3F3BB27D8
:104BD000F0375CDA227CA6F324FEAA4B0DBA5ADC2D
:104BE0003D41A17DC6CA4314ABE66F38C60D9D6F2B
:104BF00013ADE26C84FC4D143DA6DA49A959AB070C
:104C0000617AF67F1C733757C35CCFEE9E50C6B9EE
:104C1000DFEDBEAB7C3F11E84C97ECE15712D5C1FC
:104C2000DAB40343DFFA573E28DBA07697127BBE47
:104C3000A77CFFE13F7BDF018E777423DEED52BF5F
:104C4000CFB97774F70C9D2111294B579BBA4D961C
:104C5000AEB7399CD238A761DFD1AE55CA07283D1F
:104C6000E72EE1221BDAF7DEC4FF5B8A01E7A76EBD
:104C7000B1FB67A57C9295DFFC45568824D5A78EAD
:104C800004655D68BFB24FA95CF9EE4B35AB944546
:104C90006AB4702F43C7ABF92DED7EFC5A17CC8355
:104CA0002035EF68874CD7A0E6F3A156CC6332FDE0
:104CB000A80EA812D4BCB57D34437F44B9CBDA0723
:104CC0002A92DD45F4B55D7B65B9DA07E4BE483864
:104CD0002AD55A573B33AE6DB8371A46CB3250B54A
:104CE000BE7D4FC68CD026B965162473387157F136
:104CF0006B5F2BCFBD8ABCDB26562AE780DC917820
:104D0000D7D27172648D636A09B29F56C6959E525E
:104D1000C133D073EE74EF80404BB2CFF2C6CB2BD1
:104D2000ACCD5D879CAA661AE93C90C593786C650A
:104D3000992C154A2C9FBFC6A5F4DFE40AFEF23772
:104D4000FD7AA5FC2485EE1DA1DE3915FBECE8CE2D
:104D50003AC771BC4A8FDCC19A0EA5FDB795F67FA4
:104D6000A2B43F8ED18422B985313FC70AEF1F908C
:104D7000797B2658F989E794B1F9C83141E62D9439
:104D8000961D907A0B430FD0B18A3EDC93B17B44E1
:104D9000E5FF651A1DA548E888AEE0DD7FA17FEC40
:104DA0005F24C9F884D728F5500EDD71B30E7C2F2F
:104DB00086457BC3AF1F490C768649DF6958147F4F
:104DC0007C50A48268259E4BF5ADA22614F72FE2F5
:104DD000E96EF5118EEFA9257D6552939479FB77E5
:104DE000918AD7C865A8E4A195D72D5206EB720C1D
:104DF000E2F74AD877C95A9539715659F82D7C2E61
:104E00003BCE0CF03A4D6C1FCE16C44D3D0FE293D5
:104E100082658F0592481E2B6BABB8A9F741F058FD
:104E2000528D35B1728D3587442A5DAFC4754AF411
:104E30008804D13B03D9CECA949AB14A7BFE295249
:104E4000AFEA2FD763EE653F39BBF0A903297E0196
:104E500029150960FB6D0E35EE091557AB15F039B4
:104E6000656A9DF40DEA9AD0E1AF50B17594CE56C3
:104E700097B8C6862BF57F2252567DA2EBD136E538
:104E80005DE21F8C196E3F61608D4BE25BEC08C2E6
:104E9000677B335EEF83D32C8BBD110E2FD86D440F
:104EA00082D5FEF7CC1CF74F9E3BEE22DD1D252B55
:104EB0006EF85FE721DF95BF19FCC579C895F22927
:104EC00051F83CE4F7BF75AB2CF8F4F607FE5FCE63
:104ED0003E96E851263E8FA17C51298AC8D123C233
:104EE00034BE1C9FC910219D7DDC163D3E139FFCE6
:104EF00058AE5713978B7DE71EDB4C6C7597413985
:104F0000FBF8031F9FF44FFFDBB9C7EE7CCD8D800C
:104F1000C235F798E777228A2326F2FE6DA4B3877D
:104F2000C0E71FFF6CA6678E55CE3F2695F38F65B1
:104F30009DFB3920453931632E11E31E250C6C3E53
:104F40008031EFA9E84E28138ECB04D0BD2EE93472
:104F5000645CE221EF8FF89CBE3D07CA4E0B9CA219
:104F600077DFF1B9DD4819E747947393485D873ED1
:104F7000533ACF5C13A7ACC19CE8D21F93BE673CE9
:104F8000926DC5FFAB08DEC132319567BCA49D0BA5
:104F900045EDA9F87C7AE9FF3168EBC1DE9D043D5F
:104FA000A5253C4A4C1529CD20C1114F89AA74B5BD
:104FB00048066984A799C0748D38DA4AD74DFB0832
:104FC00031A383D4A2F61C19938CFF7704BEE3B6F9
:104FD00096BFDB3CCA5DA01F1452F90EBD2E31D81E
:104FE000D816B557C191FC6033A5E0AEE9897207C8
:104FF000DDCF747903F9D7EC24A5A5A8EBDF1B97C7
:10500000CD14F01B0A21D57D6DD100FFD6207297FB
:10501000B600B53BF8CEE0FEDC5BF553E80ED26699
:105020009AE5D4EDADD37490E50EE75D0682724249
:105030009CEEB4A566D5C3735FB65EA2116FD5E3CF
:10504000FA17217EF320E2F35B5498FFC1EFF1B928
:10505000F8FFBBE445172E2397B689B39CFD2EA815
:1050600031FC4EFFFEDCEBD29B4DC58E8CC95BA59F
:10507000D8801BD5E98AE588F17E29D9A123B5E737
:10508000A4372BB2DD3ABB83CF97769DCA1E99ED2C
:1050900093D78CFF1FCABE3F20AA627BFCDEBB7B7E
:1050A000F7B2080A2EB0A0D8437E2AAF8C04411173
:1050B000F7A1B2AC5AF9CC1752BEEAB33A206696C1
:1050C000DA4A46458F65F7B22E4A420B5E7FAC85C1
:1050D0009462BC9E41849BA6022A92FAFAE553C9C7
:1050E0005EF6D015574B4B13444CE43B7367EE2EE2
:1050F00082FCF1FD43B93B73E6CC993367CE9C99B2
:105100003973A6C38577D04C47687F0CA9FB4A5AF0
:105110008B9A5109A1538E5F2ED0DD5C0F887E3DA6
:10512000B909F8FFA216FA72617FD2BE1B905445EE
:10513000ECBBF4ED5A30A142ACF9B3EA6FA77DD5D0
:10514000F0D58C2CB463875667EAC37D7D399473A0
:105150000CE816E4EA1E14F3ED8A42364949E28867
:1051600017B493F9F7DF25E8FD87F59D946C9295C8
:10517000E435FD846A8FF8A2FA67F29EC3CFEB8113
:105180006F13DF1CCE3FE990F0E39668FBA4DDC00F
:10519000C38EFEEBC2BC5598EAD646BCC2135B7503
:1051A00017D2D189E24366DDF35A2A45332FD1D590
:1051B000F02A05E5078A3BA9D88B5ECBC94C7DA6B2
:1051C0002A3BB6C8BD4AA9C277A5B7B22C39F5D0DB
:1051D0009ED12EC2926C2AC579E4DCE0B456A26757
:1051E00037DA0DEB7F2B7961FB980BF81463C95DFF
:1051F000BCBA5AB2CCC6CE0B22E7087F9059F73121
:105200009B9CA726AC9B58BCA738DA6C9C2D9B2294
:10521000A7E6F0C23C912FBAD8A293C89B43D40012
:10522000ED8DECF988DA649A1D10BF947909CDB13F
:1052300007AD671D364B08B25D19E7A83FEED1698F
:10524000F4ECF9044FEACCD8A2B5FA93048FFE0B24
:10525000BA23A2369666E5362E0445A56380309EB5
:1052600056B19D7D48D3663834D6F3FDA42FA66190
:105270001318E3C437092FFD8EDB71498B6E29E0CB
:105280009BDD5137C96A2B2AF4AFE07F9C1CC9090A
:105290005CD734D81797B9425F5223A949BAF51998
:1052A000BB04186E517C4EF962D07B8B22F7126FD3
:1052B000606C8AE970EEF27AB2B1DE722B5594B26C
:1052C000C65BB59B5D481B8812F3B9EB636463A2B0
:1052D0005DF5D06631A591AB11FF7EC0559E73DCA4
:1052E0001F472378FA81743CC7C57C017EBD448981
:1052F000AF36706DCC3E61EDE34F35AFCDF12DC1D2
:10530000F128F233839B0F16D1BAE9E9B25D0A1A8C
:105310008CF4621064BDA28DD923F0E9E527D6BBD9
:105320001C4729C6B4A7A8AFFCB7E066748ECBC6ED
:10533000408A196748EB5D748230418A6C5726AD0C
:105340002BF4EF546593F9F7283E1F697FD96D67F9
:10535000AEBFA0C7EFE6E1F307715F1C972F71DBCB
:1053600095C582D007D72D31BD0580E0F9CC969147
:10537000461BA33036EA45B79D661102D13935FB8D
:1053800099BA4284DB4B64F83A3AF9801A7A635F3F
:105390002E9CA78FAAE1DF88C76E1D2D5D0CFC6FC8
:1053A00031F949455C7E375CFB54C011CDB61C21F8
:1053B000B80EA8120229FF4A3A8D8CFFCFD6CE2410
:1053C00096761E8130B9D7D3059842AED34C28ECDF
:1053D000F8D876DA4361FB0B34899B54998F29EC1A
:1053E000F8185318F509D1019730869CDFD6024C86
:1053F0006BE8F98045606B1B85A8CBFD63A714990A
:10540000EC33FF6689A29C7F4A14E957123F34FFB0
:10541000FE3B05F89C497A5B06C7D1582CAEBC25EB
:105420008BA5C88CE5ACE861B8E6F72376D5BB84DC
:10543000FF3D68351E5BBCDB3CD1EAFB8464B95C94
:105440002225968C87EB7FBF1E0769D559A70FDFF2
:10545000A7FE05EDFC9FC897E986C195B5320DF80A
:1054600077CB855FD01EEAB07CD987C3A81D055BCA
:10547000BD95141D698CB4F578B783616616D91D86
:10548000A32D3D684DFA3F70D14581606FA64187DD
:105490002270464CE87E7D521A5A190E8EBBC12CE2
:1054A00097EC9EB95007444B3AE0028A9FE7FB0411
:1054B000C42B2B0C81160353A18B574E99EE7CA85D
:1054C000F38ED3477907AE31FE043A63648242D447
:1054D0003B6F92F11A6A63AFFB879076847D85708B
:1054E000E437BA5B10DACD20CAE948409B65A34F88
:1054F0006F8125A8306C15B7FC1AB50DD79CFA5FE3
:1055000054AA240DF896C33A010D670C6C772DF25E
:1055100025BD9EFA02942E56948B5C2C114DD324FB
:105520008928786E7C23816A41785E6E9C53846BF7
:10553000D871399E4D2691B90B824E1F803314E2EB
:10554000CC0E6E796FA6C08A729EBD94D21C45A304
:1055500086E8F04342A9280FAFE128D9BA65F69949
:105560006C1AD0777A937E7A2690D41A9641E859AD
:1055700044E84970D3F337D82BF3222A2DD7C9BE7C
:10558000879D8E0AFC0AE36D5F2945D2790C596725
:1055900093902680AB1247519FF39EEB1E81DF4C08
:1055A000471975983E7EA17F074FBEB5CF92FDC8C3
:1055B0002B62FF8677EBC959E92313A5B9250DC9DD
:1055C0002E89EFFDC2DA99E2EB24FF1F2F2DE1991E
:1055D0005DF6ABA8A1717B674BAD0A4BC7EDCDFE65
:1055E0002B696F94BBBD69645F288FD609C128E61B
:1055F000D5B85DC83345258BA8510D879ACF7299D0
:105600005A0F3E2DDA6D51ADE599885A4EBE76F1AE
:105610005A67487344384B6D476FD8085C5F3DE765
:10562000A4EC602C07471263EF4211AC9C81ADBD26
:10563000B006513E2A4B58F2459528C9977EBD2F9A
:10564000F96A5AE74FBEC2D649DE202A9ADE1C917B
:10565000E0BF2422CEB82422A52C2B62F2D8EC88FD
:1056600084C7B2B79DC77B598A04326EBB6C6C2A63
:10567000D91B6B8927BAE0E0046BAC99B47F8ABB75
:10568000FD89643F7022697FA0BBFD09CC55FA2AD1
:10569000C65B144FE69DEB36B63620DB11BA7A9620
:1056A000D74ACAC7AB5030E54CA7C7F94524D08BC1
:1056B0002326DF581CBA5CECC394EE7493CE08CE5C
:1056C0006F8DF0B9B19878CA5C010AD60FF7614CBA
:1056D000B27D26731D98E17A50FC5D3DD90E34D71A
:1056E000497497387FA9FE8709FD0F1379F0912837
:1056F0006B8F2DCC8DF31AE7873153FF7BF218198E
:10570000270F4B104DE36C2CB5849CB32690F25EB2
:10571000EEF2D1A6ECE9F4851CBCAE3A6282637766
:10572000098A0313CDEFB412AB7177ACF9A90E0956
:105730005A1AADFA08725E457845C9DCF58D3D5DB3
:1057400049E88F94A00BC248FD11A47ECA5DFF43B7
:1057500084DEB1525B9BC65CC826FBBF646648ED25
:1057600095A0A9505FB83E4B3ACAD542ADE40BD6DE
:10577000B77A398AD635D98A164C02456DC4EFB34B
:105780003254C21416B23ED56141F999931CADB0A2
:105790004C91CB97D0311E63AEEC9630EB8348ED45
:1057A000C16E7D1448F653096C7BA77B7E52D1698C
:1057B00062ECE025B2047A8929C1982D9B42679B4F
:1057C000A618B3A04CE6406B3A4AD43BE37A33C701
:1057D000F9694E9179F08D0B39B2ACE9B4A37384B9
:1057E0003C5EDEC990D6FBBBEB1F6E6AB03EA7DA0B
:1057F000F821D9FBDE41DA5E704D8248F591EDB1BA
:105800003E57C5AB2A3E24674B95E5B1E6F08C1AAE
:105810007944DC66123B3D8C89EA94A0A576347904
:105820009176846F3E40A7FBF849B2D2B4D9E9CB58
:10583000121DA057BAFB832DCCC5F0EC304C81BEB5
:10584000E3A92F5054A0E8ABBB2D8A4EE6E2C35427
:105850008DB95088354F69AECA11257C6A37E11D74
:10586000C5BAC70BBD9EF80445ED27F271DE2D1FAA
:105870007DE1BCE78D2C515BEFE34676914848848F
:105880001E8F7CDCC53A29EA23C28F1FDDFCF8435A
:10589000D2F0D91F210D4FAC0CA21BAB876F02BEFB
:1058A0002734E6D0972A9C5E7A9F6C72DE7133D6DD
:1058B0002C6952FD6FD80E10ED2A61552F9D768E02
:1058C000CC7005B7DDF2D6A536A315C091377DF4AF
:1058D000988E1D1F90F69C72B7E7F7D0A59B0F1707
:1058E0000A8BBEF3C952F3A2FE787D76237A37265F
:1058F000D69CD435421ECB224D2B72325F494EDEF0
:105900002A6F285BC82ED9DB25BAD026E52E12BF18
:10591000ED7DBB181BED4A9FF446CCCBABE0881C59
:10592000217451C81E5AEACD2B2E855FD8D97BBC75
:1059300087CC78DB09BFAE497356FB15426715E18A
:10594000D73137BF2E7B9BCD216A255A59CDAEF674
:10595000D1433D29CEF245DB893EE3A19EF0C6A5A9
:105960005B08DEF69742B38CBF61384515D1A78539
:1059700036D6CFFB7C632998C34F9793F17CD81917
:105980005C7EE753FDC8AC5F57CFCD63B54FF53BA9
:10599000DD476B1974B64FB87541A234F57FB82E48
:1059A000B6968CAF83EEF175CEC1D18CE988857245
:1059B000A8693493166E2D0EA0F233A60666D0C8E1
:1059C0004326BF04BDA846F09D6AD6A1B8F3538B09
:1059D00033A737EBBEE063A783CE4CC97EF958AD41
:1059E00010EDB05CB842E0881C954BD606381743E2
:1059F00013B87F62B84BAFC299823BDFC8EB8E5BB6
:105A000027984F9A9127283077C19C386E6BD06ABF
:105A10008AD05B43E8ADE7752284BC07436CCCA316
:105A20008E130B464B602AEB24983B046635759227
:105A3000C0F035A3030268C2BF4F50A43AC122DAB6
:105A4000C723D4F0AF8AB30CD79403DF6E0AD31800
:105A50005D8369DCB91472DF2BB051B0886BFBDB5E
:105A600020BF9340280844D1121B1BE6A56C7C5034
:105A7000742A8F5765C125CFCE7BC40F6356155D41
:105A8000954E9FF0D953D565F4A2F00BA4D7F4AD91
:105A90006EF93A4CE46B0791AF0F686DF332FF97E4
:105AA000C8783924CC46A795C7287A4EEF28FFE559
:105AB000820FF249BCFAA1CAF78F3E214D8C172AFA
:105AC0009B6BA5D3B63F6E8A5652F5DD0BE86DADE4
:105AD0009BB2E26F15417DB1CFE27FBCBE7B278DCB
:105AE000F632EAB93F522F70F55C776A55D1FCA2C5
:105AF00025C463ACC9CE46FA2B9BE5CE91AB7B6D3A
:105B000056250302BC29764EB663A87311568B4EF8
:105B100045701B67FE8EDA885B855A4A5AB3576A0E
:105B2000977E8F55A7B90EEDB0B5C8BAF9F20795B3
:105B3000975EA1D4D914A50CEC378551ABB9AAB99D
:105B4000ACB9C8B497E8881CD949FB6DEEF1F529CA
:105B5000D215B22CF93932FB7C26E1AEAC2576D5D4
:105B60006E72B65A4B6BD556711CFEE04BEC60FD65
:105B70006ED3F8D9D4AA4D8FC98D69EA3B14A5F22A
:105B80002E9EBBD522A7C095248EC44B3B4DF4F16D
:105B90007A827FB71B7F0DC1FF11C15FE3D65F1F04
:105BA000B9E5119F55ED22E3FB13F2BBBA3FEF308D
:105BB000BFEAB972EAB8804E99E7F3BC34BEF98AFD
:105BC0004662395E7DD08A09C5F2C4773122138CD2
:105BD00069C230B49E5917A41E86D63AEBD48237D8
:105BE000DA0F2D0E567B232FDBE210418964C43A75
:105BF0000AEB22EB68D29EEDEEF66CDBC9BF407C6F
:105C0000FA0AF2DDFCB593DCF7DCF6F9561FFD422B
:105C10009E8FC490ED6FB8F5C766D27ABB0459B0B9
:105C2000C9276B01AF929B19E241F8BA7B7ED94834
:105C3000B06F96609B2A4C93CCBDF3A5FA73DDF54B
:105C400013CD51B9D15DBFCD3449DE379740B6BFD2
:105C5000EAAE9FE826AADC5D7F29C4D9378740A633
:105C6000AE74F7CF860A9DB3ACF3FA83E326628E57
:105C7000832B68D486937B124DEFB8E959C766D958
:105C800058F3D7C80302EA8585442E83711DD432A8
:105C9000F7FCB456A5307F2D7991443D434A17B1A6
:105CA0003A141116DFEE38BA80E7223EBBD514F164
:105CB000F9AD261BE7E717F1F1A5264181EED3DC0C
:105CC0007A5ABCC556E74A1C41CD633D1EEDC82338
:105CD00040A5B841C59A792D89A3D8A720DAA2A0FA
:105CE00017CD69BED708374C6EFBBA80C40DBC47D0
:105CF000C6CE3F68E24955F0B61596906663095ADC
:105D0000CAAD7C0B97CBEE2573EF5B520EF5E60D1B
:105D1000E4A3A14EA4F0ACDF7A18D9298ACE7DC2C3
:105D2000A7E65290404967FF95C7433A68ADC7EA76
:105D3000F8577B558E6046FAE8C331EF703B851FFC
:105D4000676E3F41E265C5D8DF4433F0F6C3647E39
:105D50005EE34FEA4A5D0DED1DBC6FF1F78D5C957A
:105D6000B03E07735AFF37899AB057AB72DEE10E27
:105D7000964754C9A9AA9C8D9CA63C74F9B1B64219
:105D800081D53EEB98EE8FE3F555E7292E6E02BCE8
:105D90000E5C7349EFDDAC0C6C1675F17FD0FEE73D
:105DA000E15E74AF8CAC3BC90B31A9BFE79DC57BED
:105DB0005879ABE65CC63B94E826006E335768071B
:105DC000B156F0B7EBDEEA40D4C37C9A7011B54C03
:105DD0005E2F14E0551D9DB6D3AAF22E60429A8123
:105DE0005FDA303182E25ECB4A1CBFF9C395938EF5
:105DF000D0E907481F6AC92B8161BF4CB942DA9FBD
:105E000023B52E35AB546F6A5092A8993B7EA4D32C
:105E100048FB67BADBBF98C46F3C67D7B372003AE0
:105E2000E5A4BFADA4BFF5B2182555865E2FA04AE4
:105E3000C4FBDA03A338AE6DA7B5AC1CD35D99BC27
:105E40005DBE979CACEAFF4FAAA3FDEFC8A3EC6B25
:105E5000613D9046A87EAABBFE858BA01549E22233
:105E600002BC4F26F2FA924B816F6DB41831452D6A
:105E700046E2319CA40E10EDBB71428078AEA4F1D5
:105E800042915D19426F865B3E9F56B114D11DD47D
:105E900037CEF7CC77F1BE3239477F935DA4AE178A
:105EA000C7EA7C14C39EF8074448EF163EF55D7FB1
:105EB0009F2E6CE5E2FB0049729A91459BFDE8E854
:105EC00089C467AF699E9BDF4F862F21F759C8B8F9
:105ED000C926548B6B3B2CFF8FC3D2233DA5DB9F80
:105EE0009072F4B36169ADB80EF907A692CF27FCA2
:105EF0001AE7E6970E960EF094A666BBDBAB954AC2
:105F0000EF780B97DE9147F461A49BBE99B0749033
:105F1000A77498D63D5EA74BA5B56F90739C5CC2E5
:105F2000EF30C437B49789A55DF617E4E376839222
:105F30007448CB3E4987A4EE1D4324B0F22F6E7AFD
:105F400053883CED23FDE3EEF982E40B7A56DC2125
:105F500025AD4F71CBCB6422AF7BC95A72B29BFE89
:105F6000246CADF367486F8CC9EDF7EEA9E2AE5A29
:105F70008E24E34346908B768B97BA07CECACAF13C
:105F80003F0AF0AFCD3AFE5C68D636A7708B42F67A
:105F9000E319623F9E8196D70835B4D5A19E25119D
:105FA0005A9B1C85823496A8785F89DE477DF474FD
:105FB000BA7B3E18E1EECF09269D9C5675AB29FFB2
:105FC000C374A5755DD937883B15C88F04CF56D5E6
:105FD0006C3359C95C5D2477FEA9FC96C7CAC31609
:105FE0009EB052AC7519BEDB466AFBB31BFF38C2CC
:105FF000E742D21F9C5B5EA2B14519F32F14B93D55
:10600000625277321E473993C5989EDEDD9498FE22
:10601000E7EE44A2B58E55E9454DB29F4B449AC96F
:10602000535BA55B42C2C692F1B10CD7D644B9FB13
:10603000EB4FB034AE6FA788775AF744115B033744
:10604000F17E6C4D7F72F7572891E30564BEFDC366
:106050002D6FA3246CBAED22B6C4EE0922B683DC00
:10606000C3089BFFAA9D5D7C5655CF998E1FCE1706
:10607000F51EBFF1F5B593575EE85DDCB3A46BD9AF
:106080008D57AED169BD0BD5EBFAFA642FBD64B55F
:1060900099038857F98EB5445E02E9F4DE0C15BB0E
:1060A0008A26F21496FD9D49B78A5671713250E4E2
:1060B000528097BB911F85CC59E1BA4BFC5EC8EE6C
:1060C00065A53F59A31D0572761E1907ABC9DA6194
:1060D000C48B8D2A6E9E0CF0AE592A4E2F736E74AF
:1060E000DDFE75E5DCD5BB570FCFFBF5C5B9CB762B
:1060F0002F1BFED2CF6FCE79ABE62DEFFC9F5FF664
:1061000047B6002EBF8A941F866241213F19D27B79
:106110004A7433CDA85D4BEE24E8BD9469E3BC22FC
:1061200046D20CD3C9DC66CE2FEC08BF4AF6D99212
:106130002EE8006FA178DD07CC0D68DB52D3A16596
:1061400020CE1BEC2F849B723AEDD5396094F7B8C2
:106150001D3AE0B28C333E69D4D9865D1FE13BDB4A
:10616000FF89F34FF0B3954F8ED76AA431FF942D7A
:10617000889535BF0BAEFD3748BCD5C8575FA2A385
:10618000001725ABCA01733FA28062921AF8EC5047
:10619000433AF13EDEA3FC2346DD811AC0F26A6772
:1061A00050451FD894A416CB1DE0C24DBA665A7C48
:1061B0005D62F80D4AFCBE1543B5FC0CBCBD8359AD
:1061C0004902C488191F98AADBA594B0D962E97561
:1061D000D53F1D5A238C86F3F7BA7FFEF4D37A9EFF
:1061E000D3DCA667FF643539ACA92A9F108AF76112
:1061F000B5E0C51E3FD283DAB99B3FA03FA2241C65
:10620000ED69BFEB98CCB9F60FE88FC57BA615BF3B
:10621000C960392597AF06EACC11A09C1B296B1DDC
:106220004FE17B8E6DDFAB74DD7DE20BB69B5C7E58
:1062300032DD530C2877F945404EF231889F21D248
:106240006E66C8EF3A5872DC629D15DD01856D9B64
:10625000CE80F7B9B0196BE0581ADD1D2604A2BD37
:10626000EBC05328EAD65AF27A43D38738953FA930
:106270000E4691FC8247D23A3E1DCD3B3B668D9F38
:10628000696A9D44A9F60451605DB50F78B1CBFBF6
:106290007C2BFA75BE526C7F31F775DE011499487C
:1062A000BC619AD43D9C9D938F7EA7B6E0DBC4076A
:1062B000391F5EA7F9F69A837F84D73DA573965E52
:1062C000BB98778068844911C68FA9C5D6EF0E9810
:1062D0008E4EA5B66E2CA21A366C4F1FBD91A3D15F
:1062E0008BDB87D4A31728A637DBC0DF14D48E0D31
:1062F000BD891DB7F8611D0D622D099C970ABD1659
:1063000032FC3C55B6CED87D680D1B89EEAF3B4DB7
:10631000DC8F84AF8F5D5893A1857D71774C0D3AEA
:1063200031C72F57DCEEA4D3AD3FC773394C629110
:1063300046185BA93A1A4419D38199A579D6FFA7C3
:106340009A9CE4F3CEDF5DDFF79705A613F3B44024
:10635000519C139E676C053763688D95C8EA9FA1B1
:106360008CDEB630A42DE7DCFAF52C1E2FDA99C4AA
:10637000DEDFEB9E0FDA10EEB275DB5A897E392B29
:1063800095493D43C6EF0CA25F1ADCFAE5D456A549
:1063900092A2D3C0302533A748C8EDCB85F36280E5
:1063A0005BCB1D4611104AD1DA1FEBA7BF90F275E7
:1063B00073CDCE2DCA7D6EFCDF92FC54A21FBE7140
:1063C000E3FF7AD59EC24CEB3788B210ADF832C8E5
:1063D00070E9CE05D555B1571D825E2C57D655AD07
:1063E00091255A536373EA8B5A2967DFA5ABEA5CA0
:1063F0007416C7FA682A883C7D2259CE1032C99A91
:10640000BA4FD0748ED98BB0A2D8FFCE50EE67EBC6
:106410003AD83F8724294DFD8D50A6A6F75611EA9C
:10642000774C2156CE4EFC3B6A1C597B1F21D67CF3
:106430009EEF57844FE3A4BD1FF27B0AF97DC81677
:1064400028678C6598BA28A96FE65FDB2F71A2B226
:106450001197C84E3A774045D3C68804FFB723E268
:106460008C6F47A494BD1531796C7E44C263F911D9
:1064700071D3F323529E7A3362F2A237F14C64F95E
:106480004EB697A3207C1D088256689EB87E9EC19A
:1064900067E5AF5659E4C7BD0595222D317923FE36
:1064A00086EBA244539295D95741F2D82389C91556
:1064B00085820DFE2A16A22DF5660B65721D4944D4
:1064C000FBF4108E5629CD93D1BEBD7006F975DD53
:1064D000FAB767C7DEC671B08466F31C726BA6E9B3
:1064E00065ED57EC4B366ED87195B73C09E66C41BB
:1064F000DFC5824D694E3AB8797E118A9E10B15F30
:106500009E486EABCC1421E5F2C9C5424DB1A69CA4
:1065100048E7A7EEF9F813538339493AAF25F6D97E
:106520003B6EC9FA17D8EA4D626AA57E2271AFE9BF
:106530009FC4BEDC4DE0D7B9E16B4C0E7312A28153
:10654000E710159D848AB0A935C5CFDE809CFBABD2
:106550000972599640BF6D4A30E6CBA6D0F9A629FC
:10656000C6B764C9F45BA664E39BB2A9F49B10E6CA
:106570001F850588A6F022778B9F7DF2B4C9219FE5
:106580006C9A4403743AA062E92C744240F62D1EC2
:106590007EEAB42C86CE42FBEBE8D50AE0D54D89E5
:1065A0007BEE96CC49CE90EE5B643EFAC03DFEDEBB
:1065B000E773605FD6D6A37738444B893D8B63DFA2
:1065C000B7BF1D25EE9AAA4F21BB2BF2D3503D5CDD
:1065D00029CD7C105EA0EE265C69DFE6B65FB6F8DA
:1065E000E8891C7E0E75E813249E7E9E3B7F13E196
:1065F000DE16B73D218492121D0DA606CB73B8445A
:10660000C16B4C5615B450A5F598B35C8296CA354B
:10661000D9483D9FE1127A438F433A959FD34E6A02
:10662000432B7F4C61291947FB09FE95EEFA37A8E9
:1066300023514BCDD54224B230CDFF52CF16F74374
:106640000E92DE2C957054AEF7D1CFE1C7CAEDD3D0
:106650003FCFFE6C7A69FEFA1731AEA697DCF6548E
:10666000B133A8FC6E7F8F168F253BFF32B4657166
:106670009C8C7F91FBCEA755CA020DDEA9FBE8BF1B
:10668000EA3968CD56F343E8ACBAC3A1CBFD568EC8
:1066900079C7C6A6FFA9FE74946CE2C509527B2C8B
:1066A000EEFE3305641566872F29BB70B268AEF421
:1066B0001E0470CB7321DA63718E2EBF33F05ED46B
:1066C000A4558A6BE157A23BE69CFFFAEEC9DB6753
:1066D0003A7FB8FED3D50B9709F5C8FB1FC72479BD
:1066E0009BD839FB48FF3D2FE5E8DF125C145A3F89
:1066F000DF36B57123F0AA2DEB0F72BF2504DF91B1
:10670000781168D607CE515F11EDF49BF815909A79
:10671000FDEAC7D12ED43F0F087F50C83E58A6527D
:10672000B4CBD12DB5B154849F9126D873436781E2
:10673000E577E4E895FB3942F0CC00FD1C81B1849B
:106740003E41EE457E8623C55FFACCC652AC376922
:1067500075C15FC654CAC6A5D1121447A014F7412B
:10676000854D33C1DC921324A2CAABEEF6AC285D92
:106770005A4C746E0791A4A6B9526EC1CB908F3259
:10678000E45BE30C49E8FA593F27AB26CBFBC54B4A
:1067900079E96FEC7C43F1E6A597D297FBA2BB6643
:1067A00002C7E49A5E109E9B150CF6362EB02C2C78
:1067B000BA8FBE49CF3AFA4B017AE7009FF27D3893
:1067C0009CC4D319CEA685CC114689F7C46D581E3A
:1067D000C67F1E389B44C5592A515399654FA5D38E
:1067E0008D3120FB0E855E2F280555BCD4F7057032
:1067F000F5CF4692128BCBE4CE9191BD83DF471E3D
:10680000BC6788E219DA2CAD4BCB01AB032BDA1451
:1068100042073AE168F93BE97F0BE9FF69EAD5A84D
:10682000A7D36478F738AD07EBFD63CAE752CB5ABC
:10683000FD25FA16AECD1A2B47DC2273D742B73CA2
:106840003D2BAEDB31A5FF710645F612FC05447702
:10685000666EDB45E4FFE6412BDE1131BFCFA6D1EA
:10686000B34F1613B9F9676956027540BB407A8574
:106870006D67E031D2DA056EFECCAFCA59C8B3B34A
:1068800037722785D297D6E7107DF6983B7F9EC951
:10689000A1A458F976B97359E71DE730E5A0FDBE0C
:1068A00045D8074DE48925D373CBC804673C6831CC
:1068B00076250D539F15DB5D219B64A56CE8C51BF8
:1068C000AC23565891379CB587123DE5F0087DB949
:1068D000C64CBC63DA03F4C0DC062D973195C8437F
:1068E00026FB8F9D7C38B9391856F8725738BF533C
:1068F0008AB59583FC78888DFEBF49ED847BB3DC37
:106900007193D208DFCA8854477A5E03116FC58A33
:10691000BE7B113388FDB127D6FCD469618DE88F29
:10692000F4D97A802D019EC452A31645F53CDB486C
:10693000C6C3F440693C6888FDB13EAF11DFD34562
:106940007B5C732E8B1EC87B2D7D8EAE4A4A7C9558
:106950008E6FF8650F8BDEA6ABCFEC61329087456A
:10696000B04DDE2453C17FF1CFEE65E2B92BCCE60A
:106970000D2C4A3F5F7FD6C5D8362A19E3BBF19666
:106980004B30B5FE94C01823A7CACB99A9664B2AF1
:1069900069F9148982D444629F9590FE0B74F75F65
:1069A000C25616F65F3AC95F4FB4D6DFB6F29ED430
:1069B0001DEB085FE7EFE4A5B40E72E3B77D5E154B
:1069C000DF8F5F121EAB96EC8238E7A2F78DD4C73B
:1069D000C4776EFF82DE2B9A7F79D19C7A8B4E161C
:1069E0007E1BEF421C9985CED2E65EAD12EC39DB00
:1069F0009C4222F14BBA45A1F39E533676258BEF8C
:106A0000F26B49EFEA6B6BCCC7AD85C223D7087731
:106A1000FFEC8E8B1583F0431A3AD0DCABFD06D524
:106A20005225AC0764BC29DCFA290AC1A15C4D7966
:106A3000E8526947E28EBA5740767CC961BC2F8123
:106A4000B164937729A8F7C6486F383B91C447E9EA
:106A5000405637C37328A269445CF7C4817382A08F
:106A60001761F5DF35DA53F9187B138F23E4C47708
:106A70007F8BF69A8F413948BC882561B79950FFC2
:106A8000909BBED158337CF8B14F2AA6827F9ECC12
:106A9000C7772498B090AA25DB2E0897D01E4DF416
:106AA0000B985BD14D36B64949FC0B5E223DB92DA2
:106AB00038158E3274D626C25E7A1EC32E396063B4
:106AC000BF557ED728C660FD580815FFD6B68D4342
:106AD000BB96569D7A8DE847FBE1852C568BF62EAA
:106AE000C7ACD2A6632D967D6C1C5574F5B878861C
:106AF000864FD5C83C7E1453DAD14CF4FD6F0F534A
:106B000038A585A454FE8AFBB12591FCBED69B898D
:106B1000714635CDA23487089F5FABD0064A2B4D16
:106B2000B3E44143ED42E7A03723A92687C5268376
:106B30002364E5C172F29E5280FF9C83D639663190
:106B4000EAA1422957AE45F7E7BCE12C2861492D5F
:106B500088FAB7440B4FE6DEF60E3A6DA46481DC8A
:106B60000DE7EF3F6543274592C78EBE52AC39868D
:106B70006A72FE2ADC463762792DC8BA03E5635B88
:106B800009AC41F48A0A7B434CC7B2A0E9F64674CB
:106B90007E5DDEE0906A28B8E5AEBF9ED47FEE5DF4
:106BA0005D7E262871C9A7E9C06BDD6467A3E08616
:106BB0008A43FE462E06DD705471D561FB84F506CE
:106BC000FB8A6D2536AE4063E3B5D072E962089F5B
:106BD0003F61D388BE3A4BC6C758F2FBFB310EA3C8
:106BE000B6C7319AEBEA2BD1810EA827D451D01E1B
:106BF00015C7A5DD18A5A97834ACC1CBA7196BE4DE
:106C00001C5F56F768ADCB0BED4B6109499F8F2593
:106C1000247DA38DAD55E0DAD80CC545A22D5FAF1C
:106C2000E1D1895849FA689EA37A93C0A55BC4A3B1
:106C30001AF44818A2E7600C3B4BD11BAA84DE79FA
:106C40001206FDEAE9FEB4E72DBA3F88E6FCCD6DF9
:106C50001FFC72332AF506A977A6318AC8D3716260
:106C6000B98ADA78E69567571575A2A804C72F4B3D
:106C7000EF6EA1A804E8E5AD572EE2B1D7F4384D88
:106C8000FAA75D89770E0B8EB124A5C90BA7E8BFC3
:106C90005492944A0EA7A4B6FA929402054E093B68
:106CA000EA4F52F42C4EA15A0C91A937B67272AA2F
:106CB000CE0925236E9B895F6728C56F1AA21BB278
:106CC000E248FD2BE16FA71DA0F3EF8972A86B5E70
:106CD0002F3BB17FC5FE159B5B0B05658B1027DA3B
:106CE000975F10CD90DCBD1E6906C45B634CD74D29
:106CF000A29DCFB9C7FB0FE41C7432E1C75E37BF5A
:106D0000BE27E79E2427EC731C4F59E7B275AB876B
:106D1000DB5C2EDA313E9A126593EABEA41E2D9EEC
:106D20005B760A47C4731417D6CC4A97FAB8787EB4
:106D30007915FB6B3EFEA6DA07DDA55CDF67B32A9B
:106D4000171A22A95A6C4915FF2C6BF0A6B67B4B7B
:106D5000D1069C9B97F5D9F544F21FEBBE6088A63F
:106D60006A916E8D9717A51AE7806E0B8EF1FCB9AC
:106D7000A59D9F83EE9D1F6B25ADF936449A7FFE3E
:106D80004DDAF528B1B73F76DB37272418FD71E1DE
:106D9000AA78D6BE72F3936A5FF18EE60453B50FFC
:106DA00065D442BBADA317DA6D17A0965FC697F9FD
:106DB000601CD42E67D95B7D6EFE1C25E3E337C2D1
:106DC0009F9D8FC6797BD9F5F5DD49B21DADCE42C9
:106DD000EFDF89FE3D2AD95CFAC3BC6EBD1ECBF243
:106DE0009226A0E824BA333A40968466456CADB743
:106DF0001E048A560A7F5B4686179173AD48D23FC0
:106E0000EFBBEB3FD8DC40E6E3A6406D5E231358B2
:106E1000A7C3B765893FF87A3E27B14253218BE17A
:106E20006B7C5DD218BA94AEBE84C6D0A55536D65A
:106E30002F068F861DC9D2180A4B8D88646B0C50A3
:106E40005618356D53899EDCAD4CA2807C31B9C398
:106E50002C17F1B9EB101CD150B788F7A1448C471F
:106E6000A7628C4797D9D8B848A28F264918A9A9F4
:106E70003516560BCC2E14C74A8BE2585533F854AE
:106E8000B5A5B04690EDB0D4F8B7C87670FFCC0B7E
:106E90008C9F54491516F876B8F12660BCE98B2111
:106EA000DEB164DCC6B9F5C524E9DE189D3E5D5748
:106EB0003E73C7AF36B5829122650997C47B536F85
:106EC000F1D9AC6E0F7ABDF34397A7551C1727BEB7
:106ED000AC8A22EDD628C5385A6874201F0A3803B8
:106EE000C415737B844D3A366653AB5F334E47DA35
:106EF00013E365B50737EEDE6872280EF15C44EDEA
:106F00002DC80B36BA8E73FA5FBA8DE36F85B72B37
:106F10002EC69A6F8E83636DDCE88A71D4542F9EDF
:106F20000237D752F9939960D5335E8C8A2DF08A57
:106F3000677731C265E431B1EBD5B16C7A854AC669
:106F40007AC926B07096192E872D649CA3B2EF11D2
:106F5000EBEA03771CD0F73DBAAB253EBC086AAF1D
:106F600002BCFE77DB5BDBC88E680FADFD6897CA9D
:106F70006BED23DE5EA1D77C9AE735075F09684990
:106F8000DF1411F9253A456CB728D467C4FE0FC445
:106F90002F786D9A817CA527C2951B7A4B81094079
:106FA000B7D6E852E46DC76AEB2D6B29364B536EAA
:106FB0004A921F81ED8DEB3C227958B1BAEF0F7FD9
:106FC000D7084BB4F638E077EB79F8FFA613C71C67
:106FD000449EA371CFEDFC8B8D4DF521F64E0091B3
:106FE0008751B4FF84B58AAB9FF268ED3F2D1DAC8D
:106FF000DEC990F9611491A334289911A4BFFD4909
:10700000EB8254412C43BFFB98365E01E1C5B3DAF5
:10701000232FB059D11BC337CAA28A6AD863B2E8FA
:10702000A3353378295E0BDB2CF5A834F3ED14502F
:107030003BCCA8DF123A0FF5F765AF6A9F731B458B
:10704000EC98DB19387B8219A4EE65E0EC76AA2B6C
:10705000B42713FC8FA53CAB0E0D8F561CCD3A50B8
:10706000DC35AE27B3C3611AAF6027BFC2A78F2E2E
:10707000DADBD795E9BC7AF42E587F5A61D5091727
:1070800029B4BEBE020ABABC0CB0D7E828A2DD8F74
:10709000202F6C146D0BEF80DAD47228552A2189C9
:1070A000DA57BE49CF04E61A932B84D7444EC42541
:1070B0009C0F5853CCA9A10E5071AD5750DCA11FA5
:1070C0000F052F7A6E267E4BFAB9C3D237C73C77AD
:1070D000D87FD73E5EC25AD94447DDC87CACCBA826
:1070E000DBEE48BED8BFF6B0FDA8F67002A7FF1CC5
:1070F000D5DE653A586ED7D351E139A52060863187
:107100001A2C394B3D0DFF366C79FA108AACEEF42F
:107110003D7DA722DDF973D19DF2BFB3B3A606ED85
:10712000A26EBC638C3E7D72FD9AD14181D456AF74
:1071300020EA8BE0605AB68BA7E25F0FA6E97140A8
:10714000E945C976E964E457B0979C4F9FBAF128A6
:1071500055AE1DEDA510CBEE3873EAEFE8AFD3EFD7
:10716000FB5BC674E425E41CD6D2A90A6099DC0254
:107170004DB98F5E36592EFF564B471BBFE6D36D78
:107180003CCB309B82F5A8A507B68E6DE4D39B1B44
:107190007F9C6E5D57F11FE37D795D5B355F1ED28D
:1071A000D9BA39A6ACF5900E71C542A11463CCE9E9
:1071B00006539A824DBCC8CFDE6AF9AC0F5CEDF184
:1071C0008926ED4FFD67998E8E02233AE5808E1C4D
:1071D0002638C473B0B7ED00DABE4EA227AB899E45
:1071E0008C812B85142C8D51BBC868BC86A213D012
:1071F0006550B646C6B31D8CA6C2A40B946D5F67DE
:107200006C8DA855504F3544D426D2070E20AC11B2
:107210001F54BFEDE5456E5C7DDA9BE954B23FCC6F
:10722000D01A756A87F83EF05BE88D3214559740A6
:107230007C6DD43983D9EF6748D17A3EE8CD9C5E26
:107240006FE3C2AEFB7845F39A2F49DF556DE558E1
:10725000AA3EE93A55CF5D4FE5EBBB32EBBE90EA73
:1072600028F81861A775C6740F56FDB1AFBE90EE31
:1072700049A1B7898DD18679726853A4C5D9CA1539
:107280008CB1147B44B86895B09AD208CBFF06B68F
:107290009D564CFEBBC60CADFB51DDCC848B240649
:1072A000C74277DCDECCAA6CE2CFF617AC850A12B7
:1072B000DDF13B326C104B957037B3E204AB039BAE
:1072C0005DD4FD778596123AA9AA5707D1D97E7069
:1072D000C5BCFF7B77E0FD58E42955639D60C594EC
:1072E0008F8616E7175C1B050CA7A18DA8DAC231A3
:1072F000AA85DE8C4A0EB5AABC98E885B4315FE950
:10730000C6CAA3CBC53B19625FEEFC1CF765F45DF2
:10731000389384107D447697A8EF546A25635BD038
:107320004AAB39F11E6569A2103A1394C4D0440ED9
:10733000F6E0B24B6E435D16F29DC3946C81768E7F
:10734000DC4BF805ED8C0DFB3C34156C8991814DBF
:10735000DE72C29D59EE38C469C7914796C8217D37
:10736000A4C4A1B0991161727C634C95D54B0FF107
:10737000FAEBA0792767A738075BD01CBCDF75083C
:1073800045C6A8E7EE3007CB4DD5662F636B6F522D
:10739000C4879D5EC1CB0396FAA5CD4AFD9A2FDC2A
:1073A000129CDA8024FC8A8B42B1D85C946F8E9256
:1073B000EBD950F18B55078677A1175BA19DC0EBE8
:1073C000E6A582C02E06F5049FDEA07DAC725E2A83
:1073D000FAB6A6D7A1D373ECD56243F4B2DAED8D39
:1073E000B8BFAE90B82673DA1557854EA4E98EACB7
:1073F000C1A7FCB35FA7D3D00BE2657222CD4E14B8
:1074000049D82944F6497787F02E2B9E25854CD103
:107410000F276BED4C9BA2C04B635641A380B6A1D6
:10742000DB60C83F1AF6039528C8622C5EFEAD9B50
:10743000A5D1F153686AA0AE4ACFC77CD1ED62985E
:107440002C740336E2D1EE1744CF2A2DFE2749765D
:1074500061814AA1A5904E0B9E4EC784CE30C6389E
:10746000B7B4DD530572D00AA1CB9E2F292C40D68C
:10747000C654B632D5EB90AD8D65545C3A157AD8CA
:1074800007CEE75E2856E505DC03C698C0F3FC2F5F
:1074900008EF68219AF25A8CAC87586104954AFB30
:1074A0001C0E5EC22B9CB96DF75A1CC6741C7D3134
:1074B000FDAE517BCDA112D48C53C7DDC5B71015DD
:1074C0007F942E19BDC94231C1818568FE6715467A
:1074D000AD1218676D5A3CBA228A6202470933041A
:1074E000BA0CE38C0853D33CEB74B6DC2B5FBC5571
:1074F00068A392B830AA509D28186DFBC4FC317067
:107500007EAE68E445DD1111D19D82B556CE543B67
:10751000B0FE22E4887E52E7C4BCC7BA9311CDBE48
:107520005FE1D456A7DDB0AD15DF12E66E860244EA
:107530005944E3A58B282522A9FB22CEC9B928A648
:107540003B2E5DDFE442A555932651880B5482FD06
:10755000CDCDADFB57C8EA396F2093518C292F034D
:10756000A76F7AD3A80BF92665C5F72BE0DF13F8D0
:10757000861E235465AF3D2FDDBCB39F4798781D11
:10758000FE2BC60A7455C35523E4775B1B2D38C404
:107590007BF1A7F7099B40C8895080DA18FC78C8AE
:1075A000362630CFA8A9308AEF5B3FB84CCCC9074C
:1075B00097C16F62D7F006A82BE868640F7ACAB843
:1075C00086A357D359EDA64CD81236E4BD4D2B985F
:1075D000A0DCC2E48D8CE941D09C0F82EECD781006
:1075E0003C1E9B5D26B5438C2DAC4490B27A8B7CBF
:1075F0006D0E63C2525D9D6C07119FB1149D9EE498
:10760000E54DD517C175BE90196788F68A333DC31D
:1076100052AAEEC954AE5AE99265465133B87D9BE1
:107620000C7E8A384369669C3D7B920EAEDCA90CC9
:107630001D58EFA20275A0CC0547A8BD23A29665F0
:107640004276D5E9CE357E077FD957F9E6D8BABB61
:107650007B9D15AE7BE93C94F828BF2628FB3A4079
:107660005F62EAB90E585B075CA37194E9A88202D5
:10767000E56D14CBF5DE9CCAB7A5E2F18168C7774A
:10768000A155414994B08411EF957FBA51560FA18D
:10769000BD650A618F68378F5E3F037F291E92EDBB
:1076A0005650E8C5B67AAE8DB16D6419E3BBD39779
:1076B000E607EF118A39E4EB88FCC5A17D5D04EE95
:1076C0001E9595CE8C7FED4B0A84EC64A616ED4991
:1076D000AD7FE63065BB1D4C01A31783E2868EE4C7
:1076E000260AE8056538CF060DE7344228E0B95090
:1076F000A7281FD1655CB363BA7F947BED4EDD1A7A
:10770000E14751D87B4F3A25922FA2B21F91223CDC
:1077100075D6BBCC54596BEF02A38ECD010F9DA241
:107720000C1435D263D3D5170994A14031729FE070
:10773000FCC572AFA3DF4913C2229BC2D293A4B986
:10774000F13784C9FA8BA73CD65104F32884394C0D
:1077500075CE813146AB30C6B38DA2EFAE3887BB54
:107760008605431B04FCA38341FA9A92617D8DAC8C
:1077700003BCD792B3A577418D806347E6668C6ED4
:10778000E3E869EB80B58D3AA46EB6D99B47B31C8C
:107790001C65B91948D229F917BA2EE61DEE608585
:1077A0007D51FCE96A8AB5C2519809ED1C758D4579
:1077B000C55E9785380BD5F95A551B279BA10E71CD
:1077C0004E9F748853B559648BE1F7A24955F0BBBD
:1077D00055F62AFC5E35E95DF8ED92BD01BFF32652
:1077E0001573E03047E54F8298D80238360CFAE935
:1077F000098505A179FC097535A2CE926FD4ED2BD0
:10780000427E303E607387688B6E5C7B41C3A3B859
:10781000C26339E7C6D67B362EAEB9A5B12BB3CB42
:1078200001C7A20C5C6DF54623256F953856AAC595
:10783000FECCDB277876DFE7B7CBF67154572650BE
:107840007A2B6C0219B5225C6BE23E6182793DE8CD
:10785000CADC7B0CEBAE984E3380AB77A6C63AD130
:10786000BABB7CDB2F6C7A7C5034FDE89E23E92385
:10787000283F9AE8B7DFED80FF2D44EAAF53B2A46A
:1078800062385FF99F98CB338251F758657851A1E0
:10789000506371FE8DBDDBDF2F52C3A3DD45BBE11D
:1078A0007C5B385F281C737465A236618CADBFD8D1
:1078B000019CA55A3719E8D6B56BF0AA938CDB7BEF
:1078C0009B6646C429283606697AD0DDE15DCF394A
:1078D00052A1F4CB41E72D4A6561E5C6F4315FD989
:1078E000BECFA66CC264AA4628CF51DDEC928DF6BD
:1078F0009251F567143460640C28F562BC5EECCDDF
:10790000AC1738DAD6DADD7765838AA5E453597681
:107910007ABD504D9D7B6702CFCF527F00392F73C8
:1079200046A90F42F919FEEB4990D541A17180ACEF
:10793000BAA96B1DA9F19BBCE8FAB7BF47114A1958
:10794000A467B640FDB2F91B936638750B7E213FE4
:10795000DB6B5B8D3165AED0C5F197391AD24BB375
:107960006C6E23922134332BAE32172798C736938F
:10797000F915722F22414119B5495E0C55AF508857
:107980009AE86614D4449359CA50CA8A9A2774490B
:10799000FA4515EBD75CD22A7913BB759C282531A3
:1079A000FFDD27AC05719464A9155CABCAA1B5A134
:1079B000EDC71A075B6B13AD7BACB8342E9BD3D6E7
:1079C00065DA2798A04C1862A984DE4C3A0D6CE861
:1079D00052C4AE8BA316F0BB496CC082CBF495F0B9
:1079E000ECF8DC6C3AF662558EF1B7C15611B289EB
:1079F000F8756527BE2E9A53B4959753F325EBA4DB
:107A0000AD2A8797F326CDC5F38E07E69F96F2AB96
:107A1000723A6E42AB4B1E4755F10B482E75FED99C
:107A20009E2AF339C7A716EB351C4F43F793DFCCDB
:107A30008F57EC7A09CEE978EFF17734DB85BE7A9F
:107A4000F61B8FD5A3E6D0AA2CA721D6FCA9798254
:107A500075AC166A6B394EAB6E18AF05BCF48BDB98
:107A6000FB9816BC83F65CC55F6F4DD102B403ABC7
:107A700046BF74C6E95A5020FD6A5D3B5B0BAC2ED5
:107A80000AFF72BD03A0BDF694B406D8817BD275FF
:107A90003A9C477EA03B8B4A6756651DE7C5E80FB9
:107AA000F826CA65D4F7063823438BFDBC438E35D0
:107AB000F7A5FDB2CF61BFEB9237C9C6CDA2C033E7
:107AC000147D33461F471F3544EBF5373658AF94C6
:107AD0002F4E149E9909FEDE4E1962F47E3D1B2442
:107AE0008DD39B790E5A7A5F3592F822F342018A40
:107AF000156ED4A1F153FE12C83E4D95AF70DED97C
:107B000079CF0E3A1C9B75A0DDE1A58E11ED87BFE4
:107B100017B3FB2AECD3F70985160747D1F60B48B4
:107B2000A6C9B86AB58396C6E61C2B770D6991D0B5
:107B3000D30E5ED7E2406BA51BA23519B64C71354A
:107B4000F16238E995A6DB55D92168D6A32469945A
:107B5000C5B30CE06414E600BB8831619BA2C5810B
:107B60007AC72F5BF6394F852E5ABB082C55C8585B
:107B70005D7C60359CB16EF7D56CA4B560E51926C7
:107B80005E8D22B3DEEADB2780BCDB547C031CC99C
:107B9000DA408A8E22562389D25783A2F4611DF3DC
:107BA000077D453CF3C3B279C7BF65EDD2D0A5636D
:107BB0004A700CD6FED1F2249D67184F2560DDC2B5
:107BC00055178039E53723536F8C91FACF8A735C50
:107BD0003BECA0ACD5BEC6D83A1ACA67A1108E221B
:107BE000A2E2B397A258B3314DF808BD1B648DA42F
:107BF0002F7BF418D261B63501D4E6133601ADD629
:107C0000BF86E3DFDA0AEDB1C373A056630BF8C891
:107C1000638D8323600039EB47F8FEA46C572BA3D8
:107C2000310385176537E466002317ECB374734B93
:107C300068566EC6571BB6AD039BB9A080E5B9194F
:107C4000B6EED72860E3828257DAD6ACA1C07B5C5F
:107C500080699C99116DAFCBEA403E07E4DE0E10BF
:107C6000BAC57B568FAB17402B31E1D613E4F7131F
:107C7000E2EFB85B4F843E537218A7E970DAC45B39
:107C800073F06F0B2EA3B9358B4E57EF10EF53BC2B
:107C90000682BEF4B376202A230E72A95E59F596A9
:107CA0004B1408E8F2DB5791486EDD373DBEEA4AD7
:107CB000B01EB723661A8A5E11D1704943D6CDEF44
:107CC00006035FA768EBFEA5BB14A7E59404831029
:107CD000977D8DB5554C8FEF5E8F7AC1188938E747
:107CE00099832CAFEC130AA0F68FFAF773CFECFD53
:107CF0004D36C52C033E4A39AF55B172B9698A99E0
:107D000092255B29BC62A35E1E732D256B2EE4B306
:107D100029C92AAF299E0FBF52B262AD73F1DFE2CB
:107D2000B9BC6CAA9C2D146237DB7E1845C52B9F0D
:107D30009D6ECB1845CD2DAA67F7C23510B3D5EF90
:107D4000E994A5ACB6CCEEB7BC30A0AB207A636F9B
:107D500046A1403F308AC817962F29A46B6B840236
:107D6000271B7DAEA1DEB2035A6EB7A87D15E70EC4
:107D70009053AAA98BBA7C567A2D3FD7705FB46016
:107D80007CB7FBA5DECC9066142FF8825EC38BDE39
:107D9000DCD5E2BCF9867D660D6F3C81F780D41F8F
:107DA0008867A63A74E2864ED8D049DB6EF344B3B6
:107DB000617CEA8D129DCA72BA0FDC703121BA9EC5
:107DC0004C902D3078447361C5F27DE5F654748E85
:107DD0008B46357A1D81EC74FFA72773558F74B6D7
:107DE000A5E1D1B9167391B9CC5C65AE933E075E3F
:107DF000C11AE2835839EDE1E5E396C649F76FFF12
:107E0000596339EB48598960351753566B2E0B1C53
:107E1000DAE9E6627BC4549C96F2BAE63A4EAF9E2B
:107E2000F03CB4B6A8A593576EE18ED9922F4E5E62
:107E3000ADB9CE5C4D26A562262D1A948B732CC944
:107E4000C99727BF9E7C7547E37D7589D4C5FCBD66
:107E500004D575DD5DD7559CEE7AFE23C794557326
:107E6000AF22AF0F3CA6E65F3625F07EB61F563335
:107E7000FF2AB0F52450D6B5C02E0F8E35235E4CA8
:107E80002826270B876C774651B1D631CDF46C602C
:107E9000F466A08582E2A2CBA2ADE0671765181F49
:107EA000A637C194F8677B287496684A32FBE56769
:107EB0003EA4CE57F76C8056BB5C49B1BA87D467F5
:107EC00037442474FA79384C1D78BE05042BBDA1C3
:107ED00056D7EFB38075DE149FAE5AD3FD1BB41294
:107EE000FD80E92CD4C767514CF26E60F6469E0DBA
:107EF0005EE7D6C33A185B67E71F9B0F234BF2DCA4
:107F00007A43A91CD54B1B4A93B2908D6528AD4688
:107F10007FD1EF0074626228550720BA0CA53101A9
:107F20003763E6F945C475FA21DAF2D6A8B8EE153A
:107F30003D1B581D28B8E22DFA041460EA6430D7BE
:107F4000B6A6BB57B9EE5917FA8DA0BBB6A2AF9231
:107F50004AA74C7987608F24D82309F648883DECDE
:107F60003EECFFE8D9D01F2FECBF3056075BF31B68
:107F700028BF42D95C9C9F0AAE6FACEB361F56E51A
:107F8000704CEE56831F173670E4A07123E228ADC3
:107F900070A05D50BE312FA347D4853207EBB7DB0D
:107FA000127B39B9BD9857C2592BF922EA7DA693A5
:107FB00068F30B1756A2B28E2413650B62992ACE72
:107FC000F8EE010E1449678D33EF8EA0E264268827
:107FD000035A885C446D97DFFD9A1EAE1D2879F622
:107FE000342932E29FEB7336A37508B46AF817415F
:107FF0007927E3F158906217390BE3D9485A69247D
:1080000091528D73CB9D4BCBEFDDAFE3FBD700EDF2
:1080100067B10ED3149ED64AF12BA2503DC6DF3C69
:10802000D8D1CD1F7C7BC6F916AA9D5D06044FED05
:10803000CCB2B9BC48810871380F51F0350F69C016
:10804000DEF9AFCF2F77E6F4A701DF23BA9F0A133B
:10805000A4423685A7A8979F9422EA843ABAFB6483
:1080600085EA8901F9EB0D01F2A5F5AEF1346ABBA1
:1080700011D5AEEE21F77FDA730D7EF2A50371C73D
:10808000F309E4D6AEDE70B2DC7925B2EFCAA0996E
:108090004BAA5196CCD2D4CB1952049CC0C1B5F294
:1080A0004EE235BB02D5355832104DFC32E0D7C315
:1080B000CC27B7600B5E3ADB886838497E53CBCE5D
:1080C000943B2F47F635C3B5219AFDC32F63AD69A5
:1080D0009950006ACCB1E546ADF40A43818F7F8B9D
:1080E00067D69762C2345DE9697C1647C6BFFB69F3
:1080F000FB9E8BFB2E1FBC7AE8FAD14EB42FB2FF49
:10810000A5C9C1C957ADEBE8B46D27622FE2C8FD20
:108110006C387979E1FC8525E14B8CE8D60FFEBD02
:108120003DD68C213AFE84532A7FC237FDB3457F6A
:10813000C4B9576DCFB650B66EEB08C429A497905A
:108140004E5AD8BE5B407EBD2607EF5763B62DEC76
:10815000A2FE651AFDB4962E59E7AB055BAA99F00D
:10816000221C4D21EA1B722FE3EF1837F5637EC600
:108170008366A009C5B63B77686441CAF6F07E7C89
:108180008EADA8BBC996B1871AF36E89952D06F4FA
:10819000A919E062D1485B514E13A04EC5815F8A98
:1081A000BC6C45314D60C4A971F05B0E75771360EE
:1081B0003B23C1354BA48D9BA707746718DA53C1C5
:1081C00034647F5955444793F8C60B88857775C644
:1081D000EA0B2B110D8802146907D2B27A2CB16711
:1081E0006547A00DD124EC14FD75FC80A2331A74F0
:1081F0005A22ED8B3542E8DF02752531CE57BBEFB1
:10820000064A23E3A9E7CF1AA2E6D5BE5C652BAAEE
:108210006E025EA71E06578B18D88F52791FE0DBBF
:10822000390EDCB144E3F251B8FCED28A9FC93D33C
:1082300060F9D2DA7FC1F2AD4D80393501BC742AC4
:10824000D666696B82AD88435EB7AE26E7A8CEDFFF
:10825000B17454737680B04C4158FED1FDFB146963
:1082600064CC622196F6DA4088654D33909D4A01D0
:108270003F1729547C5233A6225A0E141F2680170A
:10828000794899BA198CE88C03772D133045B311CE
:10829000AEBCEE5F674BB172673A19F6574354585C
:1082A000DDD95D364B663318D699006E5B2662E8E1
:1082B0006731FD579F95E89FEE1CC6FE6C88D2D7AC
:1082C0006557DA8A1CCDC0E75432B886382090BA98
:1082D00097DC852D990CEE5912308617118655DDE5
:1082E000975F94EA4B717AB3970C519575DB2086B2
:1082F000B666C042EA5F393519B6BC19C83B358845
:1083000007DDCDCEE0CE0BC4AEE8C63CC84778F260
:10831000BB2FE44B9121263B15EC0543D4F5BA293C
:10832000BB789DB3B4ABDDF990E2272453B89CEB46
:10833000961DA055A4AD278FEA0DD9AC73FE96F417
:108340003F6C67E8B6162BF76D3655632BC31D9B44
:108350002BDE399CFDD11045D5F6383006DD6FBED9
:10836000870C7FA612D4D5E2BECB8D6080D6F1C932
:108370005BCB0E231B6D18A5A9C870A094B3FF2B6F
:10838000145E6C544AED9B00DBF73DE467EDB30EE1
:10839000CC01D4FEAEEFDDB1891F86F9670C5171B7
:1083A000B5DB48BE3F6AD9CAEE33FE52ECAF58A7E0
:1083B000923D05EDA8DA3242498C0BF3200441BE10
:1083C000D97D32448A653CCE29674FC2DEA81DDFC5
:1083D00088718D41106F747F3B46EAAF68A78CFDB2
:1083E000D610B5B2B6E30086188BFBFFEBB1123D99
:1083F00011B0FFBF364415D49E3D40DADD8E6B1BB5
:108400008F205777FF7BBCA419C73A7DD9E3B0E72B
:108410006A731B887C9EC3908F60F9FCF211493E01
:108420001F727AB15F1AA26A6B671348EEBF18F227
:10843000314CDFD1C724FA42217D470D514DB5DBC8
:1084400049ED39DF63C8490832B7FBC824A97F4228
:1084500060FF1C32447D5B3B8DE06C3D8D21A7614C
:10846000FE1D9266C9A620C8BF262819B5FE0DB804
:10847000CDD3317D07A74BF40540FA0EC2BEAEFB4B
:10848000AA1E436811C4DBDDFBA519B060A4936389
:10849000F71BA2FCEA9A09C49358FEF649B393DE8F
:1084A0000FCADF3ED88F75795F6088A710C45BDD87
:1084B0009F3F25F16BB893653F87FD58D740203229
:1084C00070FFED91E69A301FD87F7BA03EA9FBE8B4
:1084D0000B321F7C89DBF43C827CADFBB3E7257A51
:1084E00094CE11ECA7B01FEB58826B11E6CFA78B8F
:1084F000247A38C89F5AD88F755308C5D9B8FF6AEF
:10850000B3257A58D87FBBA1F6A9EBAA23FDD78C57
:108510006B7B19F3E7E39725FE30903F1FC3FEAB5B
:108520003B4620B9460CB90AF75FCD2AA9FF28D8E7
:108530007F35B0FFEA16ED25FDB71F43E662FA76F8
:10854000E54AF4F542FA76C2FEAB3B4070B6EEC5A2
:108550009079B8FF76E649FD7707F6DF8750BFD5FB
:1085600095D5C5BFF8115C9B78336505B64EF38889
:1085700093E56BDBA1B5876DA5B83B7E199FAA6615
:10858000F7F4C5E77D04D7F50BACD0FEF3B329E6CD
:10859000E9556D0E6A9BCD771DBF0EA84F317C3A11
:1085A0000868632A9C1ECDA06B409A21A236867E65
:1085B000D9117FA586D23A54C7EEF4BDDC28CE216E
:1085C000624CBB1DD9680EC9DD27BE32A4EB60A684
:1085D000667788FBA4E864AB9A5ABBE8F992B5E7E2
:1085E00071EC14344B626B62CEF5D055706E349BD7
:1085F000994201BD5905676E310E712540E7E0369D
:10860000E5754EBD8541F7AEAF0935A2BFDF6EF00F
:1086100087951A6C4BE073F293680FEE846CAF375A
:10862000A5D9CC6BE710DBA0A938B767B42280923C
:10863000DEC592EA687F1AD5A185168EC7BA117475
:1086400062BFFD1DD15800628B77171B67D3B30F34
:108650009A4168B958EB1CFEFE7A4D49F2BEB2133E
:108660006778B4EEF46F01A73FA2544A796F8D95F5
:10867000D2F73870642164A7293A2758E934635A3D
:10868000C96CF19D14BCABD5E3DFCC46F2914E2111
:10869000A10FF92C46C459FBDD19A745BF4BB8F211
:1086A000A0F07901CB794E0C6EF539F9B67B9ED3EB
:1086B0000230AC81024B1A189BE2569F5117AF68EB
:1086C0004A45510DA13567E9A24CE91C15CF7551FA
:1086D0003C1741B5514EF5AD7B8505465D4763BC02
:1086E000E51615BFB68392CDF2A262855E7504C50C
:1086F000D1571C461D50DDA21E54B2C381FC78B177
:10870000A73DEEBD85ED35C5138B13AD37E1DA948A
:108710008C8BF24D4BECC0381E4559EDCD44FB46D9
:10872000F64BA06CB6CC94A464D04EC883AD1A327C
:10873000EF58EC20DEDC055749662AE44BA9875246
:1087400067BBE541A7FE33F25CFBE56BDF26294DF5
:10875000AF332D90D3B2CC8B50D62F31522A85FC1B
:10876000D9B1DFDF6C745F6821899CD8FE7F671DFB
:10877000A6CC481AF28D02A0830AD9265B70840A1F
:10878000D51FE7A7B23BC593004D05E999EBA64C71
:10879000391DCDF33111C19D14A9FF2FB4D60AF9AB
:1087A000833822D371548853DC7DE75A1A91655A75
:1087B0006326F126FF8176767189826958965ADFA1
:1087C0002D006C0E7ADD02BCDC2D47F7292252BA4F
:1087D0004B09FC5B18B6698AEF97C246744E73E981
:1087E00020ADC3772DD24BED8BAD27AA847A282FED
:1087F000E8A529EE9E735BD7BDD0196CCC7685F3C6
:10880000A6EB5EFF488F749AB611EF2A475F8C354E
:108810009FFE4A9E3756DA03BE45E2C7BE91DBB2E1
:1088200048DAEBEA12D31AAA572EFA4AC552A152D5
:10883000FC2831F560F56B2F3613BFEF0472337BE4
:108840004D8D054C67BD517B22765717B1D9D62384
:10885000FB97FF08D08C2E96F9BC7A358E48697943
:10886000691310368AF60C4971BD5ABED80EC285FE
:108870002A21B1DCF11A05D7AF72EA2745A833C027
:1088800015318EA354162E546A9BEB9E51376917EF
:10889000C1B3D20E2ABE217137A14CF127F037F7B0
:1088A0000A4C3F8C5FE9D2FDA37CA60AAEDFD1C99A
:1088B000877355DB6DCC0DBCB762E3C29A5B1A4976
:1088C000F9E54C60F94CBA0CAEB77DEAB92E726E80
:1088D0009DF347FE02F43A63190796B691171B639E
:1088E000726CEA5C68DD4CD7A157D5F293B673D9A8
:1088F0007DC35941279E7F46692AD06B6A8505A5AD
:10890000AD6CCC1587A4E3907EFB22A78361B5F103
:10891000815D947D118EE184F49CFFB1B8DCDD169D
:10892000DF43E366D33AF4B219B8580D478572179E
:10893000CBD98262A84F379A761EED7396EFB9872E
:10894000E42834CF78423CBB5500B98C9AC033A69A
:10895000817B9E07BE927A547F56E4F99EEA85CACF
:108960002BA89DFDDB4DEE63913869FAE76A2CCEAA
:10897000E9EC3DC4AF885DD5CBC83D875F49249302
:10898000853077067B57CCADAE5E4A628A66D8C129
:108990004E01B5DFFEFA76A7419F1667D4E5114E6A
:1089A00056FFCD0ECEB69137D296F4E3FE8AB65B73
:1089B00038D592553E534C79A3EDCE0EC7FE15FB2C
:1089C000DF3CF73F74B2536319DF9B41B0B4FE152F
:1089D000EA886F3619BA32FD4FA0BBF08C50A5471C
:1089E000FBD6E814119FFF883B9A97AA29B553F448
:1089F000F59D2DF2E20ADA3DCFCD903CDB9077C2B7
:108A000004B38DE5A9705E3A8F6CBF9BFD1D1320EA
:108A100008627F15234FA5507D4F9B5A10EDD0C49F
:108A200060D1AE45E73274D4CB8DD3FD556CAA1C12
:108A300096C4ABC74AFF63C8933724A767436EC683
:108A4000E65FF099A68AD5CB49FE7B2FDFA0B5D78C
:108A50001CD3FD43B4D2EDFDF6470DD43CBFAE466A
:108A6000E9D41279FEC9F38CFF8E351BA3241D1F98
:108A7000D6BE7F161D059674915D35FDDDFDCBEDEF
:108A80002BD0B841FB7D98B2D6945040475509A7EA
:108A9000502C8233E8DDB8F36A4329373114540986
:108AA0003FCE0419D7A1D4184A73E208C6FF9071CB
:108AB0009502B9D86AFF07C285DE3537D4EA12D0ED
:108AC0002D69F8372EF4756BEBFE153FBE24D6B337
:108AD000322D8ED8071B70FA7EB10CF95E83BE2151
:108AE0004D06692CC3F1126907F2D5BE3A4D399F84
:108AF0008EDF21958BEF903E9A782A3417BD435A2A
:108B0000EA9222FC69035BC8B87C4CA446C4267A6E
:108B100040E2F776A619A3C84CFB2BED282C3F2783
:108B2000C66D70FB706E4CA2D416D1CF7D45A210DD
:108B300000DE13BD88213FEAF709ACEEF3B68FFFE4
:108B40007BB94DF2134924FCACBC824A630D7334EB
:108B5000A47C31DA8F8DE74E534211D29DD17FDE56
:108B600003E7FFEDADA896121DA2FDD1442E80BEF5
:108B7000F449627768EF1D3A3AF010B653A29C842C
:108B8000BE4964C6E8E88572354194C08E73640EB0
:108B900070F6664CE0D13E2CBAE52045D7925EB027
:108BA000A9B14E2846FBD65B8BE5143945135BC251
:108BB00045A05334D9171C85CE1A0A03E09C5FCA1E
:108BC0003FAE4E11DFA59988CEB41692BB564DF13B
:108BD00081C78CC842C1B5DD34C5ACF3327E731297
:108BE0007908621B778DB2253417FD2E1424A8A6B0
:108BF000B3E01733159EF385A538B55EF883422799
:108C0000973D1B3417C3B395C764D13E9431BD8AD9
:108C100060D74F476768D31BF79E4F59A6D481573B
:108C2000BA99875F6175B91960B98399EE6F8C4203
:108C3000BEFBC8BB6722892194BA32A4E5E127C6EE
:108C4000CD223276038DB2BC0CC40F34EAD0E90DCC
:108C5000AF25276D97899EF08756688557767C46A5
:108C600083781E855F4FC1F20757080965D2FCD390
:108C7000ABEC10E5B35297804755EEAAF0F38A8E1D
:108C80009D778FDFFEBAF3E4F533577FB8FC13F21C
:108C9000C51D1F9660888D4B10F756F12B9739E351
:108CA0009B6FC6D62618C657268036651AC26A95A7
:108CB0005E72BBFD48CBB6B4471E2F791C8EDA3FDF
:108CC0007867385FA3F7CEBAB43A3D6F679EE28DFE
:108CD0004BCBD25FDAF9D26C342FCE36CEF9CED16F
:108CE0006C02250205F81C1978670DAD62AF37914B
:108CF000F71AC2A477D60A3AB3490C5EFDF3F98E8F
:108D000070C2C54AEEC9EFCE36DA84108A378DD1EB
:108D100001932BF9111D287625FBEA40A12B19E3BD
:108D200058128AF0E1338C584B741196307E0FB98B
:108D3000C7FC2722FF07E75BBE2E9272777C46E4D2
:108D40008FE452073CAD6ECF649BE758CEB8613BD1
:108D5000EA485C26029BBA0FEDEF9A12E57E1244B8
:108D6000CB2724AE6E188608FB5C36594E07670980
:108D70006AB19FC2099DE16EF88F09FC5802DF00BD
:108D8000E199E0E518DE45E02F79E03F22F00F1190
:108D9000F84F6593CDF2C97A021F46E0C3DCF0E4D8
:108DA000BDB596D104FE1308CF4E5E4AE01F22F0F7
:108DB0000FB9E13F20F0C104FE6308AF98BC92C038
:108DC0008712F850377C25810F24F01F41786EF20E
:108DD000EB047E14811FE586DF46E04712F89D1004
:108DE000DEEB1989FE60021FEC86DF42E0C9EB383A
:108DF000611F4078E53312FD41043EC80D2FBDB31D
:108E0000E643E02B21BCF73312FD01043EC00D5FA9
:108E10004EE095047E1B841FF68C44FF48023FD22F
:108E20000D5F46E015047E0B84F7795DA2DF8FC0ED
:108E30007BE481BCB8D62223F00284F77D5DA27F5B
:108E400038811FEE865F47E089A51B560EE5411667
:108E5000BC9AC0FB10781F37FC5A02DF4BE0CB20D6
:108E6000FCF0E0B708BC3781F776C39337A55AEE1C
:108E700010F87720FC88D725FC5E04DECB0D5F4818
:108E8000E0BB09FCBAD7DF22EF9B70EEF15540C67C
:108E900017E149FB5AE9A537329E1DBD7BC8780E04
:108EA0003BBDC73D9E8F3B03D8A6EF0EDA2C57FA89
:108EB000A2746069773AF625CD5981FD7ED0BE96C1
:108EC000145F3775976A4D32559276D20214825CE0
:108ED0003649EEE723C5E0B52FCEA9B1F81E862BA3
:108EE0003F9816CE6B485CD7D44C4CE5D153701DDF
:108EF000BEA7778F6ACD240A780994A493A9552D2B
:108F0000C8EB90B2BD661981EB8DF947A2100CAA8F
:108F1000780DCF08DF39DC11F62A6D6B4228B9D7FE
:108F2000F66F6C6BC653AAEC29D45C539953397312
:108F30001BDAE1E394395736F872C0EAF2F6CD81D4
:108F40007FD7BA98901C95228902EB5BBDD925BECC
:108F50000AB0AED53B10FD2D69F5DB9B53C25DD940
:108F60000004975C691C631DCB3EC48E4D9FBD0BF6
:108F7000B565A7147369C3859CCDDFA096682E8B59
:108F800067E9988239443F1E1FD38862C0FBEA9488
:108F9000339D65AEDB734D0D8D4A0E94BB185B6639
:108FA0002ED5BBEEAB3F50C9F9D717746A2E97E99F
:108FB0003457D1C9D19CDB9B6DFC3ACDDD271BFD1D
:108FC00073C0161725D5EC9F8E668129BB949C73C0
:108FD000A3EB2E2EDFD5DDECF04F37EAC6562A5133
:108FE000AE8CB968D4AAFF0239336244B363384304
:108FF0003157EBBDF651F45CD9E411547D919C32AC
:10900000043F1367D83D3CCEF48D1765F01B1E67F7
:10901000F07B266E32354188A0BAE9C53981AD882A
:109020001ADF1CCDE5436B90671E7A2501BD990EB2
:10903000D7B4AC923AC8D6BBA268CDEDF18DCAF4D4
:109040003C07CF8EB6B09433B5F54E788EBF5195B0
:10905000CB8F40DE07E115F599DDA9A1E7111E5A76
:10906000ABB145C465F99D3BC04A11FE2CB85F1AEF
:109070000E4BFD52A62D735AB5B6CC40DAD66D19FB
:1090800051056D0F650E7A51467311F715E4BD0950
:10909000F5134A033CF20E16BFD6BA464EC9B1715B
:1090A0004914CCDFEA92DB32A3A86DEBB673EF7004
:1090B0000883E6E2D8F412A98FF0FDC4DC07F5912D
:1090C0003E8EE8F54F677F81FBC8AA756E75DD2A75
:1090D000D3F2A88FEC2E0AF3F8DC61058BDA175E69
:1090E00011BA28C3F1580E78CFA5185823EA0341C6
:1090F00003B1BDF3CE474932869A4C698478AF3BC1
:10910000946C2E47ED2C62AE1A67C91A86E31E08CE
:10911000CC88BB394E1617417D491B4ABD600F6490
:10912000C42DCE79E4B00C5257B224F9F28C35C07C
:10913000A70DF92332C0AB8DA231E7B978570C9D4A
:109140007CBBCCD19FAECDAD1EBA0E347AE468F3B1
:1091500000399AE250A69738780EBD86E34C6BBD75
:1091600085FBE6205C8B7DE6D77B202D4BA5A0649C
:1091700046AD9797698ADC0BC7D6D32F89E61912BB
:10918000FBB9E0EB478E85E61E680D2F0AF64AA074
:10919000BEE6A379642DFB35C716A9F69653604C3D
:1091A00017357014B78F5A71FDAF7F9CCF044F7580
:1091B00031732D3B8B481CFB78A26FDEC7AF86B4A2
:1091C0004FCF5F804AC65D463B6A9D7EC04F79BBEC
:1091D0002A27E5EA8AEB1BBAE9D9790B4E3B2A74B8
:1091E0004A2D30F550EE0839C053136ADFDCABF37B
:1091F000AFA3162EE89C735B739748988AE8B90D65
:10920000F907718CE540F76A23F5FF885585ADC3F2
:10921000A521C70C7EA702448BAB521727AD8A4805
:10922000DCB137EDA0F73FF637AFFD279CF7AC0E6A
:10923000BE6B345E1BB7CC132537F50EBE5189EDDE
:109240003B29822CB264B6EB9876F073F5C8896638
:109250006F36B908EBAAEA3F2557848A5E43E39646
:109260004A6F4A4BAFA323BF029956CE9297598EAD
:109270007738081DCBED203FE3C6FFEC6BCEFFAF88
:1092800050F8AED1B0727AC20DC7B8A5C56EED83E5
:10929000FA02C07533F26A83EB43BC862C289DC961
:1092A000641BD17D03AC8DCA5F6CF494A95C8FCA3A
:1092B00038BDBAEEBA3D19DA449F8005C89F4CF418
:1092C0006610A5A06902932D7AC2616BFBBDCDFD2E
:1092D00070E8D78A38145DB75396139F8395B0FF13
:1092E000319EBF65F7836CE24548BAEB1684247063
:1092F00029AB3557316C4EC62A87D1F346DCB4BC56
:109300008C9603783748C5C6B1E269253E2BDCF759
:10931000580BEA3DA3B4A3FC847FB3327B7F962A2B
:109320003B2A1CED405AD7D9E4A57EC6D67F65D925
:10933000CCE57E1E5B30CCE1DFE2E0AE8BEF699ED8
:109340005B6FF04B88339446C6E1F53EF6DCC63BD6
:109350008C8A4E7C168CA37E1EC9B4EB63CD35027D
:109360005ADF9A3EE2188C4BFFA9F28AB89E157F0D
:1093700015D4D1B3FD9B435E84292CC9AF0D69562A
:10938000BDA8D41BFC9471887A7212F9097DCCAE09
:1093900017D7A1CF5DA70CDF023FF2CBBD2A45BF97
:1093A000BF1757AE2EF7CA357FA1713C3DFB8D51DB
:1093B00060E41465093AA12527586CB3617C539C7D
:1093C000D59DD23475D2B173993FABE35FEC81FA8E
:1093D000FC18C165D581FFB8989B919571656EC8E1
:1093E000B029BCCEBFB937F38E1AC590465E131FA5
:1093F0008AB76D3D94EA3F0C6936CCA382079E681C
:109400008F66A74C3C29ED21FE991DDFE0E88035F1
:10941000F6AAE3F37A2884EF29071E694AADFB7E9A
:10942000F244B74FD9CF645FBF5779C5EB75143B92
:10943000478A2A2DBB208D387C1FA2C6426B6997B4
:10944000D1862272A8044E36DD16E29C1ED56C52DF
:1094500075778F08718E8DDA8EBEA810A77F54198C
:10946000FC4A825FCA28AB895F57E664A3D08A684A
:10947000E75DA4C76ACC46AD37AFE8083F8FD64654
:10948000588E0B42F058CA49B68383E5F6D4CD878F
:1094900057F87D3B2BE2333915B10BFEAB943344C7
:1094A000030613F820F578F17DA927028271348430
:1094B000780BF62635F829929117E9853508475833
:1094C0006CFE020C31BEB01FC4540F04350EE7BB56
:1094D0007323A97EB961D1A6294A2AA47D855F415B
:1094E00094C4AFCADF9451BCEE0BA19AB25F9562EF
:1094F00071344D60A3BEFCB2B888B9F8B5C58D29EA
:109500001A63AACA41980AC61617DD578F9FBC5F17
:109510006EE59F0C418AA9405E44ADF06B7FC83E6A
:109520000B61E263EC5FDE5722DAAF3FBED081F819
:1095300002FAE31B65080A92F0850C852FAC3F3ECA
:10954000F5407C91FDF1051A82A2257C0143E18B57
:10955000EB8F6FE4407C09FDF1F9198212257C2321
:1095600086C297DA1F9FEF407C69FDF10D3304A599
:109570004BF8BC87C237AF3F3EAF81F89EEE8F4FAE
:1095800061085A20E16387C2A7EF8F4F36105F56FC
:109590007F7CB4216889848F1A0ADF4A52C259C17C
:1095A000BD3D10DB6A294FE0DE3204BD36D5A92A65
:1095B0007A6B283C05126C19F70682B81F9359CABA
:1095C0007D977BDD105434D5F950D16B43612A95DA
:1095D00060EDDCEA8114954B79EF71AF1A82364E5B
:1095E000758E2A7A75283C9512EC266EE5403C1F54
:1095F0004A795BB8570C413BA73A838A5E190A4FF8
:10960000AD045BCE2D1F88E733296F23B7CC10B490
:1096100067AA7364D1320F1E59228685FD1A7733EB
:10962000AA69AAC16F415CD51267A962697151FF2D
:109630003C83DF1129EF5DC5929B152D539DEFF102
:1096400059E5B3988B088A8F2E87A3DC83E75B09E3
:10965000D6AE583C10CF2929EF3D85FE66C5E9A955
:10966000CE2DBC7E283CED12EC26C50B03F15C949C
:10967000F2B6289EBB59D131D5B9917F6E283CD71F
:1096800025D872C5C281783AA5BC8D8A676E56749A
:109690004D75BECB3F33141E2AC5CD9F0503F1C8BF
:1096A00053DCFC79FA66059B02F9337F283C7E295E
:1096B0006EFECC1B882720C5CD9FB9372B025320C7
:1096C0007FE60E85272CC5CD9F27508FDE8F295230
:1096D000CADDAC9873B3222AC559C1CF190A539C6D
:1096E000046B53CC1A4851829457A148BF59312971
:1096F000C559C6A70F852755827D5F3163209E34EB
:1097000029AF4C31E3668536C5B98D4F1D0ACF3C74
:109710000976AB423310CFD352DE3645CACD8A8CA0
:1097200014E7663E65283C7A095650240FC493E539
:10973000E1CFE49B15D9883F9387C2B3D2C39FC4BE
:109740008178567BF89370B32217F12761283C0586
:109750001EFEC40D1CA9E614B77E8ABB59C123FEA8
:109760004C186AA4967AF8F3F0407ACA3DFC89BD99
:10977000595181F8133B143D951EFE8C1B88E7431D
:109780000F7FA26F56EC40FC891E0A4FAD873F91B8
:1097900003F17CE6E14FF8CD8A06C49FF0A1F034D6
:1097A00079F8F3D060893EE2197F0F411D94E2B44D
:1097B000F3A143EAA014B77E1835480779C65F3095
:1097C000D44129CE4D7CF0903A28C5AD1F8206E9E0
:1097D00020CFF80B803A28C559CE070CA9833CFA54
:1097E00061E4201D94E2D64F7E5007A5384B79BF27
:1097F0002175D034B77EF019A483A6B9F9E30375B7
:10980000D034C81FEF2175D034377FBC06E9A0697A
:109810006EFE28A00E9A06F9A31852074D73F3475F
:109820003E104FE434377F18A881A641FE30436ACA
:10983000A0696EFE50833410C903E58AB7A1069A69
:10984000064AF9B787D44012EC7B8A37066920298B
:10985000AF54F106D440D3809D7F7D480D24C16E66
:1098600051BC364803497976C56AA881A6814DFC6A
:10987000EAF2596834C3B1EAC6836F71E9A7E151CE
:109880000D3672AF0E96E82C0993A0580975D034A6
:1098900060E3570EA98324D832C52B837490946754
:1098A000532C873A681A789F5F36A40E9260B70DE2
:1098B0009EE5CD52DEFB6896E7A781ADFC92A1F054
:1098C000944AB09B155983749094B755B118EAA087
:1098D0006940E0170FA98324D80A857E900EF2F024
:1098E000E705A883107F5E18520779F8F3DC201D86
:1098F000E4E1CF42A883107F869CE59B3CFC1934B1
:10990000CB1FF1F007CEF22D883F4F0FA9813CFC11
:10991000993F480379F8330F6A20C49F79436A203E
:109920000F7FE60ED2401EFE3C013510E2CF1343FE
:109930006A200F7FE60CD2401EFECC821A08F16727
:10994000C8399ED2B8F9933658A2E51AF7F883B30E
:109950003CAB015BF81943EA200976932275900E1F
:10996000D2B8C79F06EA200DD8C86B86D4411AB773
:109970007E4819A483A4BC8D8A64A88334E05D3E2C
:1099800079481DA471EB87C983D6691A328EDFE549
:1099900012A10ED280F7F884A166E7548D5B3F4C8C
:1099A0001CA4833CFC81B3BC16F1276E481DE4E186
:1099B000CF84413AC8C39F87A10E42FC7978482BD7
:1099C000C8C39FD8415690873FE3A00642FC193791
:1099D000A406F2F0277A900692F2DE5544420D84F6
:1099E000F833E42C5FE0E14FD8200DE4E10F9CE375
:1099F00079C49F8786D4401EFE840ED2401EFE8C02
:109A0000821A08F167D4901AC8C39FE0C112FDA161
:109A1000C63DFE82A00ED280323E68481DA471EB86
:109A20008741B3FC671AF7F81B097590066C1B7A1F
:109A3000966F22B0BD3F0FD24024E7C6AF50FF68FB
:109A4000A0FEF11952FF10C8AF06E13845729A2105
:109A50008ED31AB099F71A52F710C8039706691EE9
:109A60009253F733D43B1AA8BFE443EA1D0259725C
:109A700069E098EA2463CAF80BD4391A50C153F646
:109A80005968340D5C9DC39159EB5EE733C5456C55
:109A9000FAFD78126BDDEB680A8ECD5A67790B659B
:109AA0009F87F7C620BE6FBD82490CC08B78572BAD
:109AB0007FC1C0B217D6C0F5B162C09E17A9F5C26A
:109AC0006B469D73AD42FEE3B783760DA25349CD3D
:109AD000602BF77A7111AFBD2FB7542BE5DAB9D7E8
:109AE0000C41E9B52078CF6BF67944677C6B9A44DA
:109AF000602B32E26EC6CC83B019781CA23D857E05
:109B000079907B52DE26C5AB10732D286F7DB57C16
:109B10009E9BDBDFDE37D66BDDE370E5803E2BCD31
:109B2000A975CBF92B70ACD782D2AE57FAD173FF9F
:109B3000AE8B44FB7BDC32116240DB723DF94B0D96
:109B400041AFD582517B960ED5B6020FFD4B06B6BE
:109B5000AD48CADBA2C8BA29586AC1C6D6ACA1DAD8
:109B600056EAA17FE0BE42A950EBD6637A38DE6B9D
:109B7000C1BB5D7A0F3DF7E9E798CA5AB71E1BB81B
:109B8000AF50BAC3C3BFE76E0AD5B57C3AD8D6B6D4
:109B9000105184E8F65024521F5D2B51BF55F1CC73
:109BA0008096953AA43C68471882F6D482905B0B65
:109BB00086E25093042B289E1EC8A1A3521EB423F4
:109BC0006E0AADB5A0A275FE501CFAB6D63D8F0F39
:109BD000DC59286DABF5D81170DCD782B2AEB91E56
:109BE0007AF089BCEE4A29E837FA6BDD7A1A5A0C0A
:109BF000ACD69367F0EBA875EB69683174D4822D0D
:109C00003B6621AAD6827E3405221E5DAF4527859C
:109C100022FDE9C5456B813BA7B44BCAB12BD20CE1
:109C200041B7D0F8484338D683017C8EA2EADCFCE9
:109C300099515CB41E78B8A3A873CB4FAA2190ADFC
:109C400003412DA908472918C81BBF3A77FB35A83F
:109C5000D5F7B727B0CE2D3F29D0DEA803EFEE48C9
:109C600079707BC2EA08D565684FA17F7BA2A49C6E
:109C700072C5644350741DF0DB33F9C1ED8993A8BC
:109C80007E5F91707F7B12A59C77150986C0497510
:109C9000E0A196890FC4119D5AE796AFB8FB716891
:109CA000A59C52451CD43B755086479F99F0A0D681
:109CB000401B43A2790BDA49E8D71ABF05528EB888
:109CC0008F90510736B7C43E98237A097213DA454C
:109CD000E8CF916C2967AB22DA10B4A40EA8F74440
:109CE0003F98232BEBDCFA2FF2FED6BC56E796FF0B
:109CF0007043606E1D086C097F700F17D4B9F5436F
:109D0000D84079E53DFD8BEC0AD4BF0F3DB835A5B1
:109D10009EFE0DBDBF35159EFE1D6508DA88FA77DB
:109D2000D4835B53E9E9DFA0FB5BB3D3D3BF4186A8
:109D3000C01DA87F03CAE7D981B872FCB6FFCAB1BB
:109D4000B68E68D86DDC48E2CFF5C960B96DA873EE
:109D5000DB397ED0AAA8031B77F83DB85D4D84FAA5
:109D60006B97EE6F550B49BFF2B321E8281C3F7B80
:109D70007C1EDCA66F09E55F5DBABF456748FAB196
:109D80009F0D81A7D1F8F37AB0BCB613B87F0D2828
:109D9000DF41D23F82F55F42B21A7846FE600AAEDA
:109DA00013481E62B003CF1C7EAB4EB2230C815D04
:109DB000483EE0EC8F74DAE0F95A1F474E1F9CBC16
:109DC000EEC7A6C1F9D4449C5FE6FA31153C7D9DEF
:109DD000B23E10AA126359F263EAF64B5B8B388AE3
:109DE0004D07F3CEC84B1E8CF1078C719BD39E653B
:109DF00073A929FBC5C776E567E038734D6F6DE53C
:109E000002A915D737DC31C658D39D876EDD1D5C9E
:109E1000DEAF0997B7BA50F91858FE0175FCD11F8B
:109E20004607614EA55A75E08736F960D86F03FA88
:109E3000C37234813DD5C660EB8CB9E8816D8AEB85
:109E40000F6B817871AC31AB8BD7D99B68ED94CA1D
:109E5000FD2BECFFE8FA2FF2ACC83FEDF1C244DE77
:109E600097CFB6A0D3709B9CA7C22FC79AA3791493
:109E700095658215C73DAEFC33BA6351F65B344F2E
:109E80007E8F477E94FD633BA1DB19E8BE067A1FF7
:109E9000E40B4B2B837C860F5610DFEBD3A834BA30
:109EA000F9D19B84EE6820383E06C56A8A08E9A489
:109EB000C04517151122A724DCED11B4F67907F27D
:109EC00064C56F3590786BFA02105BFE30E53EEDAD
:109ED000ED52B6A078362886CD381291BBB2A1C516
:109EE00011D55CA203A65B5459BA6C32AB2899A574
:109EF000925D97B17365495E94BF4BC59EE943F18E
:109F000046D03D202F1A0406D1AA2E0B35E6986CB8
:109F1000D25A0A2C7132F1EA5F29DBF0AEBED704C7
:109F2000707E07035638A8D16DDD34ADA57FEBDA1E
:109F300050B141D5A0A6F00D1E67D78E7B8BBC72A9
:109F40001DE87654FF372DC26FD7583F35275A93F7
:109F50008B0F166F6B9E609EC86F67492CFEE17970
:109F6000D7723306DF83526D9433B6CC33B47A099B
:109F70007A3955B145B33160F1F99F48DCB9743B8A
:109F800060754AED1E41F4EB6EE002404507F5E8CE
:109F900067D5A1B9B78D51679B9D9B3AEE6048CBC1
:109FA000D3054079C46FF163C7279653FA88CF175A
:109FB000D011FBA3E988DA7419891FB984C03D6503
:109FC00007211D25273619C6B46E5AE3EB622F9A76
:109FD0001AACCCF6C3B27A8E01BE3246BA3F8CA818
:109FE0008BE6D1DD61C684EEAA0C4EC7AF05CCBCB2
:109FF000F762C624475E4694A32C7D7ED1717774A8
:10A0000097B0CB6CD7CB19CA46E48D2DF962E31714
:10A010009D9137F61EEBCD482A01F9EF43CD5178DB
:10A020003AE05FE2197BC7316B3A309E0E2849CF88
:10A030007B1A6C39ED679AAA60C35E91A52814A3B8
:10A04000D70DA3509CCAC2A0AE42F502C4A722DD20
:10A05000A71BD72EC6B100D313647B15546271F4CD
:10A060006630820DB28D1ACDD87E18C5381494DFB3
:10A07000E8A23B7D3D41A0F3681098378CB1AE0358
:10A08000EF7301C94565E9557C32F1A9A93C179EDA
:10A0900003146C40C4E766BAE0EAA6EB65D80B3D52
:10A0A0004119405F7C34A92734FF0F3AF2FFB1F623
:10A0B000EE7151556BE3F8DA7B66CF66B8283AE06B
:10A0C000606021C32539E531F00AC8079461042F87
:10A0D000794CB43CD58B2E0135354DC9AC3CCD30D7
:10A0E000B3671C90C433E068E009294179DF3A2066
:10A0F000E2943740430E96A69DD4342B74B8780F63
:10A1000093113190EF5A6BAF3D50A7F7FDFDF3FB74
:10A1100083359B7579D6B39EB5D6B36ECF65E317FD
:10A1200021666AF7BE97DA2B9D2D8E537DEFDAF903
:10A13000B4C444A51FF47F00FE3C491994FD2B13C1
:10A140000EB90772B14CDB436A4F3D85DA0FEFA1C0
:10A15000EFEC0F245B50F634EC2F2B23E658D1F8AC
:10A16000D5716F6C593C2E55D24628BD1C69825A58
:10A1700039D054590193F47BABF7A26FE930517B8E
:10A180005E1CFDCA863A2ADDBE90E8C74CC0D2EDFF
:10A19000CFA46E86740C7668EB6C762FD660D38C69
:10A1A000EF01F0152F806D4A94DBD745248CDB71CD
:10A1B0000B85E3551B22D81D3FD3F936B6045A3B15
:10A1C000E0FB9E60E3FC317525EFF47DBF08F18C68
:10A1D0009E854EDEF558D918691AE9C0FA14CEB931
:10A1E0005E9D25EB73EC6D47B3E77F5EB76AFEBEFD
:10A1F000BA3F9217BFD6F2F1AAB126A1456516184B
:10A200004A8FE1943E3F8974A9EFB8531A69A5DAE1
:10A210007E22757FC4BECCB04621ECBBA4885B1304
:10A220006F769D507167652A0F20EF7B316049760C
:10A23000873A0BB7B229D90FFA6679BF6698C9E891
:10A24000B08D34F884A72F94F3C303F37EEDBF9A47
:10A250005A2CF704F0FA5255E8BB73D3B7250FD840
:10A260001F02C70CBA67EF949B550A132362A2BD65
:10A2700048ED408FA21CEEC7DD7BA18F923D28A444
:10A280000A136F530A1E3346283926EC5A265CE31C
:10A29000628570D57605EBD651144B9DC2587FEE82
:10A2A0001880DB788EFAB7508839822FB916FEA74E
:10A2B000F4BB6265BC8079F0207CCE507CB89EA354
:10A2C00036EE62BF5F26CCA80550C5CB769D0C5AF2
:10A2D00021E6E1BEC2F9693E3985FF6FADA3A6E86C
:10A2E0003AB035BAFA5DF93D3D8B15E78EC29DC98E
:10A2F000CCE62CB4CE83CDAF41552DE074C29FAED9
:10A30000F2CD47076ACB68A2F65BE5C251213470F3
:10A310008B1CE4F8452B17C90C05716B6A4CF3656F
:10A32000F13BE1D27719CE537BD43845AE38259432
:10A33000EF9C23D01571B1F13325C096D67D9A6577
:10A3400007958CEC332B1A574AC638D10A44D87B70
:10A350001AA25AA8DD6986D42852EA5F6D47E1CD7A
:10A36000EB00EEBACECA1CB88C15C00DDDECE2E4F1
:10A3700033C2D3BE54B6E78DC5C9A7B08E85689BDE
:10A380007CEDE2E4677C53E97FA56BB867AECA3F1A
:10A3900071FCA10FF03F81F1E228CE0225D35DF3DD
:10A3A000855BEA91C49FD5E7B218A5C2BE02CDB8BD
:10A3B000DC5361AEF9306811635F4E7C0DB1B28F32
:10A3C00095E0A82E320F3EB4C8F1BA122E4CDB78BD
:10A3D0006DFD6FEDC77E83F54148ABD3E78D6A30E5
:10A3E0004ECC05B28979B4958D07693F4BED3B742E
:10A3F000637E46DD624F3CC7AE76ABFCE5ECD52410
:10A400006C47BE88BD2C70A18B936587BC649BFE96
:10A410002ACC5C5044DB0331C69AFFB13CC4FE0732
:10A42000A2E585EC8242AC7D275AF2BFF909D659E4
:10A43000A5927CA72A4DA31A2ACDEA1158EFF0E481
:10A4400027B4FE4FE938E8A3F5EF7FB64E365EA994
:10A45000F04D1F79ED5EE754C762B95FBAEB722029
:10A46000AF00D8537831AF06356A5127E5CED67B99
:10A47000FD414BA3EDB7C058BB736477AFD37EB239
:10A480005736C9D41FB4CC39BCBB575068C67FFB04
:10A490003844085ABCED16B6262024F54D22364E17
:10A4A00023BAEFA639D06E81599C2CF9EE495F187A
:10A4B0002E5CADFBAD777B89EB67B6AE68B91F99B3
:10A4C00070EF7EB8D43715ED25D3B35FFADC89BDC4
:10A4D00097A079BCE39029087E7E4BEC8F7DAD324E
:10A4E00054579F6E6C2EE2810F3AE42A8520CDA747
:10A4F0007FD076B6D3F1FEB14A39AE01F3C654E14E
:10A50000F7DCB16C25BB0A73C8D1BC53E57AB4FC47
:10A51000A51B7595C2E6B7A9F6596DA4D50751716B
:10A52000600E84EDA476FB6F500EF48F550EDC6246
:10A530003CBFE70981163508AAC71CBBDCAE776AA9
:10A54000C623BE3C19F50EB6EEFA69FB7794BBDB69
:10A550000C912A6F1328C6BAD05E9DBCFAAF2CF6B8
:10A56000DB74C57E1BC1DFF2CC0FCE3BC55DCFAC2B
:10A5700094F875CB9631CDB69D68FDBFA4646DF699
:10A5800029E0B27D0B0CCC97839D8DBBB91594A2AD
:10A590002DEBDF575EDE794D5821E05540F2870301
:10A5A00077CD67E2E6C35C3BF04E0837674A1CD3C1
:10A5B00016FA6DA079406F7A1E8D4F37607CFEE2EF
:10A5C00018B9F6D55E7B1EF61791F7E2A9CE33B720
:10A5D000BFB97EA1F572CB9287995D2B3ACDBD654F
:10A5E0000FCBBB56DFB65B31F5AD6F66FFF5C72D00
:10A5F0006A6F16EB4141951228D59ED8DF84E71A81
:10A600006EB6CD13C8651FCF1CB2F1AB1A9F50B404
:10A610007138C2EC98BEFC96CD94CFA802D7836B5C
:10A620008535C24AA6F422F6261A2EC45319BD96C1
:10A630000936CE8B6B2FC2DAE965599A2A1DEF973E
:10A6400065D0458FE80330FB02107867F1C2FE68E1
:10A6500079A8CCAE40D43CFA605900AC51F7113B1C
:10A66000DC3D5B338BB144AB6662F7323BFE3DC8E9
:10A670002F334ECA932F29D4847EAC8C7B689CE404
:10A68000257FE67634778489EB356679295E6EA17D
:10A690003B90EF22F3FC4F87D3959BCBA1FCC746A1
:10A6A0007798FAF635C9EB1709E5EB151BDB972709
:10A6B000AF285FA178EDDA3BD3DE2D7B97DD746D9B
:10A6C00095126BA4E6797938776DBC77B5CEA0E3A7
:10A6D0006660EDD19A808700DEFC8C55F1AE7E6E0F
:10A6E000FAA1221B5A87A203EE83681E242EDF0ADA
:10A6F00097B781981DF04D8E81AD6D281FC7A0566C
:10A700006D53F78F2E45BFB68E5E46B7A3BDE45A94
:10A71000C1CDDFFA1F7BB651F4A92487F2742ECB8A
:10A72000C677F7F76DC94EAB6D993FC377A9CDAE2C
:10A73000607B8C70E503B9EF0CD15E6F931CBADAC5
:10A74000E58C4EDC316817C2A2763997222CFF9B2C
:10A75000D27B29EC3820A7EBF60162B998277A7EE4
:10A760003A3253E3BAF7539BF5A2879D4D832D41AF
:10A7700062BE76986F27B6D23EC5B6D222321C4250
:10A780003EBCFF3910323CD2C783547338D5B3AEC8
:10A79000FFF969AA1719BC6FF1BD3385CB1D2FAD29
:10A7A0000DE9542F25FEEFF685DFAE3485088A2E9D
:10A7B000C9668F68C1C71E4C4A668D0F083763D9BA
:10A7C000DB8934A63402ADC4E40B6450FE97F15B20
:10A7D000CB45D8AEA5D8A288BD25D39D6B5D68D5E5
:10A7E000AA34419FB6BF89B1BA8F4B20DA615BBFF3
:10A7F000C1F2ADF3BA9F40FBC9A86225079E017361
:10A80000F0B8136D8597429E7B17C750ABE40906DD
:10A81000ED3C69F6BD0FE5DC8862CBB7FD6B75F0EA
:10A82000F56EBF40411965E3F5719075BD0CBFAA87
:10A8300088B4F10931D0C335177E511160E383A389
:10A84000E150D71BF04C85878D2F888272D71AF87C
:10A85000AF0AB98D9F1B0539D76AD85CC1DAF87188
:10A860005150E95A094F55ACB4F1200A02D7CA48F1
:10A87000B3FD3C1E7FC23C3AFE72248FD9367E4D1A
:10A88000141CE25A012F55ACB81FA68F3A576AE341
:10A89000CF46410695FFB202D8F8AA2854F70AF825
:10A8A0006F9C5A1FF50A4AED1463A6BB5620E8D1E7
:10A8B000A856F4EB1BED7CCAF5F07E986FF45F5060
:10A8C0008EAA6884FB4A781CE3951E8DEA5F21C23C
:10A8D0004A8886BC6B19FCA662D9FDB0B9D1FBF6DB
:10A8E000A2568A31D35CCB506BA2516BD06F69B446
:10A8F00073A4ABEB7E58697418CAD1896B5826963D
:10A900003F1B0DBD5D99F06245E6FDB096E831282C
:10A91000D53706A5C6232AA19A408C7394ABF37E43
:10A920001888B98F7790F608199CC10333F6B126C1
:10A93000F2C4D7CBB2B09431F456022E2390E3AADE
:10A94000CA84B05D9463AD62527E6BA561B4A80DFC
:10A950008E293F19513406B5EFE6FDB0713168A577
:10A96000E1D363A1A72B0ED11DF5C1D918D41F9334
:10A97000C5B6EA63A08F6BA2886B7A0C6ACD44F8E7
:10A9800053C5F8FB616B628EA252A562CCF3AEF1A7
:10A9900088423188C2136D7C7D0C5A0FDA116563D1
:10A9A000AA510EDF5844375ABE3306F5E178F82D28
:10A9B0002E0F62A7A2D471B1242609974F88850A69
:10A9C000FC3B371695BF86A819FB1CB6BC190B6556
:10A9D000A83CC1A53416D5305E84A58F45AD88420C
:10A9E0007D18753FAC20F6742DAA578C99EE422342
:10A9F000ED6C2CA221FA6D8945F4BB8225E71A5033
:10AA00008E7171A88628B1BC6F1C6AD738F85D05B5
:10AA1000911B9B8D52E78A31335CE3504BE3103539
:10AA2000D0EF9A3854FE3B2CEF94887254C5235CC7
:10AA30006250CFF8A29E9D8ABEC7C37A4C2F3015B4
:10AA4000D53C0E8D4D344EEBE3508BC68A7594C6C3
:10AA5000A17132167E5FF10C96089A7A14E13328C0
:10AA6000A6336E02829980E1D0FCC15351ADCFC0B4
:10AA7000F33875DCD42928355D8CD1BA9E41B84CA9
:10AA800045E30AFDEAA722FA9CC5720B2EEC67216A
:10AA90001EF5C058913E67A7225A3F43C7F8548419
:10AAA0004724A275247EC16F46393BC59824179A66
:10AAB0007D201E5102FDFAC6A3F69DC22FCF5A94E7
:10AAC000233D1ED51049C7753C9A414FA319F43454
:10AAD0007E774DA9C15EB7484C8AEB69D4FA78E815
:10AAE000857F4B71F993F8C550A811B254968E2A00
:10AAF000A86C7B063E5FE1A1B22CAC8243DA50FE2B
:10AB00000AB98AEF8C8743DBC2E14C32E271DDE1A6
:10AB1000F05C45387E4F0BAB515922AAA00CA5A67C
:10AB20005460AE5AE5F4731D47E3A36A0A4A998458
:10AB3000E185227E5485E64FFDFDB084AAB6CF554F
:10AB4000167B15F46C0B25D02C1BAAD098088557C2
:10AB50002A421045AA6EA054078A41A9B3DA42548A
:10AB600096268C4388CD7211973F82DF0332508E38
:10AB70000DD5D00BE5988630B34454A31A424458FF
:10AB80007C35EA9D10D43BC1F8767C63B5CAA243FC
:10AB90003138B52D18B5A71AF1C760B4EBAD46F43E
:10ABA000FFEC7E587A752DCAE1A84635048BE5ED99
:10ABB000D568D405C3B3B87C69F5E728F5228A4186
:10ABC000A909B87C47356471F96E5CFE00EAFFEABA
:10ABD00009D5A89E9851280C8EE150981033E67341
:10ABE00044ED9861284C8F998262F431A35158103A
:10ABF000A34461698CEB181A47313FA0F06C4C23D9
:10AC00000A5B62EE1C447062CEA3D037B607C5045F
:10AC1000C75E45E1B8D8661426C4DE43F1E9B197B2
:10AC200050B826B60185FAD85528BE34360DC389EA
:10AC3000DD74104BB8661CC4F2A9B3319CD8B5C7FB
:10AC4000B04CE74BC7B04466228613B7FC20966130
:10AC5000FCCB412C8178F418961FDC730C4BEDE58E
:10AC60001FC33277B507B1C4DC2E0C274EC070E28B
:10AC7000F661ACE2B66138533FC7584DDD7D10CB6D
:10AC80004459319CA9138E6139A25118CE54EE1843
:10AC900096E079F620969BF1C770A64EC1584D1DDF
:10ACA0008D5B375589E14C7D0E633575E4412C632E
:10ACB000C16038F1778E60A984F347B04C41DF0161
:10ACC000FC92DF7600BFC39F3E805FD1EF1DC16F56
:10ACD000E0978EE077E78623F8D5F8C601FCEE7B97
:10ACE0000E533B7E138A09AECAC010AA66A3706ECB
:10ACF00055368650F50A8650A53D80DFD396A3F8D9
:10AD0000D2AABF6008551B514C7DD5E203F8DD2760
:10AD10000543A8AA45F1A07A1786532D6038D59F20
:10AD2000A0F884EAA203F8DDE07314B3A67AF71161
:10AD30007CEF6EC59854571FC0B7D63B319C6A0351
:10AD4000C6A4FA5914DF52ED8FE1444D4531E3A218
:10AD5000C23084281F0C21EA39149F1E3512C38982
:10AD6000623084A83128BE346A188613D57708412A
:10AD7000886A43614BD469147646B9F62338D13FCB
:10AD8000A03038BA1185E3A26FA0F884E873284C8C
:10AD90008FEE41316BA2AFA2501FDD8CC282E86CF6
:10ADA000145F15FD0A0AEBA3B5185AF42A14DF192B
:10ADB0009DB63FFBA54B87325E6A3E34616DC80D80
:10ADC000C59DDF7BEF6D6FBDD9B2BAB748B7713E95
:10ADD000BCED50A82F12BBD1E744DBC907AD580F1B
:10ADE0004AB4799BA5D14F4F0C85A97239DE4FEF3C
:10ADF0002B1DB7029F88C899444C0F456792F9F004
:10AE0000ED6E56D041BE9BA5F6BE834BA6C335DD85
:10AE10000A21ABD8C2D7577FF88D3ABBF89C6D5446
:10AE2000C7A46E19B8B45553D543EE67FEC8376E44
:10AE3000F94AC5AA6B9BB0875CD1F2734740009C6E
:10AE4000687FF105C788DEFEBE119B26A93674CB4C
:10AE5000A278D7D65575F68BD8BE6A476809D4D67E
:10AE6000E1BB2F639C9993C52814B238B302DB93DE
:10AE7000CDA436124BFD449C9A46CAFE9B07AF16E2
:10AE800031636C6A7CA7933DDFF99EEB816DBE3721
:10AE900053ECE90D6C764FD9D1CD9CAEC106F35A77
:10AEA000C1D1AF943A686CF598AA73EE6AED7A490D
:10AEB00027EC555D9C048A2FAA417E5E7E322A993A
:10AEC00073B16BA74E4872DEEDF8C5B6E109F0F933
:10AED000CF4775B0A86B083A45C89FF6CDEC1277FE
:10AEE0006AE98DD46EF050559092957DC203D5CB12
:10AEF000DE2CD6048DF6EE6589FD27EF4E99FD1305
:10AF000094277F55E9A685F0FB2D8A8DF3DB6A9F98
:10AF1000D565CF37843A5B3B1EDD3BCAE9CED7D936
:10AF2000D44A76C0A6BF68772E6B57F6FC1F893DC2
:10AF3000FF1DD3FB163A3DBB6F069ABCC0BDDBB606
:10AF40000D9160DB97E2BEC1A01D4DF70DE0A6EAB2
:10AF5000ED54E0F4F1BC86EDF60672E81C266A6A50
:10AF6000BD3CAAF6B0250FC05B150CECC9626AF8AF
:10AF70002D2097BF6B47BD67EE50609B52628BC41C
:10AF8000F6B4FC13E3BC9BDC99610B78B875C60E74
:10AF90001DE37CF06B17EA7D8F5E60D5299320D787
:10AFA0000BB2E72BF7324906ED22BA8F0CBEC55122
:10AFB0004BF01DBF96C0F86259C44CEC1BF7DB0E7A
:10AFC000EC7932CA992CEFFCA336466C2D232DD494
:10AFD000942E6446398EA2BEE8BA80DBB7AB89DA1C
:10AFE00095EE29997E98EF4AC09E247079C676CF57
:10AFF00078C8FE3E2F7A3CD03D3C44ECBC90960392
:10B00000CF6FD991B6859718940DDF6B1C8CDF49F3
:10B01000C7AFAB647A2C82217AA7C1B732687C8E25
:10B02000EB01536A6463141CD6162437286424E9A0
:10B030006F1CD51942D1680F70D1716EB957323D6E
:10B04000C7EF9E3E56D993C08E54BDA4644F15BE23
:10B050002F47E8E0FD76E7B142D921391AE99AAAEB
:10B06000144679F8E9D5687472C62966856C8A42F7
:10B070001149AD12D7DFB4A7212AB6B5FD3CAF0800
:10B080008DAB376BCF3CED8BEDF38A144FD85DEC75
:10B09000A504815E1C983ACBBE08DF6BACB869474B
:10B0A000A74CDB969595DC6CBB0FFACA3F7D838E6F
:10B0B000EF5B25D38BE55EC0D9D575EA30FF01F093
:10B0C000F68D178E99D0CE5EACE70798C4C9CBB287
:10B0D000E0530227592881008DCA0A4F106B694D31
:10B0E000508DE059E6EF2ABB0E44D987F0ABED9ABC
:10B0F0007193189CF63EDF6EDF59B203D6F8ED422D
:10B100002DB9B4C5E40C54040211E73DADD2C848D2
:10B11000781FE3B8A7EE55F319219EEAB4E9274654
:10B120009ACED5C5AD96E1B989E6657C27B6A4C5AA
:10B13000661BC664CFA7F6A4BF17E184B52C2A729C
:10B140006EAC3DE6218DB36D3923C9191F8D871A69
:10B150006B0F1BE8C901FB5FC939FC076CE3585D45
:10B1600082ED8DCC5A657F197B4DFCEA82B1C20B12
:10B17000042A3D817343CFA1C3F23F312B3DC285E9
:10B18000702B3DBB9D81899C02CDCE2097C2ED4D99
:10B19000401C1FDBE3ED747E9E2F99CE241D368B61
:10B1A000A3E022F083F896C7B535C8098D9EEC99C7
:10B1B000C25C79DFC26B8525F56B75C5FCA57EB8D1
:10B1C000BC1BE039A48CA2FBF503818A27284584A7
:10B1D0007FA336F89213DF268CF52E077E4D923929
:10B1E000BC11ED0E113D42E7C58E47E8541F15D343
:10B1F00025F2B7ACD301887F3A7B5B1F3A73BB1E45
:10B200003EE32B59766D698A348DBC41FEAFA2FEB8
:10B210007037E053C151C7E2F99F3820E0163CB7C0
:10B2200056D117D213EE4ABD37E7CEBC1B0BDA1648
:10B230005DFDB1F7DAC3F6AE9B9D776FE35AF5AFCC
:10B24000414E1E20B6D99E847DAD8736B98C3665B9
:10B250001228B7CF11F0CD2FC53F3C50C1B165F8D2
:10B26000A657BC078B086F85CF7372F124D656841E
:10B27000E213444B2795029CCEC97D034204F63B62
:10B2800031AED4824E98C91C98B610CD665937E8B5
:10B290009B6FBF8C4AE57A16DABF277EA90A7D66C6
:10B2A0006D9BA546DF2AAF2F6D2A9F5C00BF97FBE1
:10B2B0008A90B5DB25C82D7BC59830774C7D85E815
:10B2C0001D50B19D58C015E3ECF0550EFC677CC2D3
:10B2D00076389B632B05BF00312DB9486A09788306
:10B2E0006B38BED06A89FFCEF0B54DAE054C8A32C0
:10B2F000F593D44D7F3DBEF070934E069FEF7902DB
:10B300005327240B8F8943C4922DA61B861C7F9D37
:10B31000DE956D306823732578C1EB2B73E7486F9A
:10B320006EC311D51206A896E007E77301623BF6DB
:10B33000BCEFC6ED26A2D93C6EE2CD35A9EB2BD7EA
:10B340007B6EBCB93C7545E50ACFD7DADF497EB7DD
:10B35000FC5DC5A6F6558C760C5AEB10EE27893F9E
:10B36000E8F7CADD10833323AD198DC717BA4E2C09
:10B37000A063401F1E69BE2048DCA8D4BABCCD2FF4
:10B38000E055F3400900B5A78F2F846FF77A42A3E9
:10B390009D19C6199FE5805FC0A241395AD223ADDD
:10B3A000531AD58DE4DEF51D3AB246A3537723A197
:10B3B000FFDB12EC16234773656CA4B7D64F4AB96E
:10B3C000B46FB9F9A161749B9FAF8879E686815A01
:10B3D000F48B22ADF0294F5684D0F8A608A1F48949
:10B3E00040DE1FD84F626F66E6ECC1588168F24DAF
:10B3F0002816DC5E69BA7778B594F2E8A6C0845165
:10B400008F66B3B5979CBCF251CEC2C68B0D759BAF
:10B4100013688BBA9930E897C6684A9732DC98DD92
:10B4200072FF5A11CB8C372588E01B344617721EE9
:10B4300014CF3707464E697DA5C9A9E35A2B05EC01
:10B44000518CA667BBE7C118670A772D50F094E6C8
:10B45000C9BDC8EF86E9A49ECA5C3708FF08671219
:10B46000D712C849394BEF0ECE7972ED40CEF45069
:10B47000E7F3DC1521D5667FC4E09BF55DBC616612
:10B48000FC6DFB2B7807303BD73805F1B0ADCACB4C
:10B49000D882F992AC9EADF003DE775A96D1E103E3
:10B4A00030CE87EC253365537201E2E822ACD991A6
:10B4B00079A42DE27FA9B6854AB6724B603E0F98FB
:10B4C00031F0EC0AAF735F9FB2ACB0FC68A6F8AE87
:10B4D000402B39EB11207227FD9F7D0306D1BC2A3A
:10B4E000720B9AD99E6559E74EC0E32BBC543E0CB3
:10B4F0009B2A8D98AB9AE04F40CDCE1846A59C0D67
:10B50000E0950F18D579E5343A425B54CA7CA0091E
:10B51000F904040A4ADAF6961F63F9624613BC0F6F
:10B5200004AA2380343ACC2F5C1B18D77ECFEE4D73
:10B530001DC06BC960BC40F81EC7E0DE302F964AC4
:10B54000D5FB3A5FE01E087F5AEC79E3E80A09D29E
:10B55000779167553E89ECB63ACA93444AC4FF9E38
:10B5600027A99BB15FB8E6979DA7E52731ECD441A9
:10B57000632FC1CB398D3B398816C72A4D57EBF065
:10B580009B35BE5D43103E7C0034F273EC331E7F6E
:10B59000498E11EC73C9ECE0AEAD61B4F8E6851DDF
:10B5A000B131E7698F98568D9C61C5B4607948D6F2
:10B5B000B9BAC0850253AC16984B5B550B0580F6A3
:10B5C000AC43130D816A9E5165BB865EDA1AE82F83
:10B5D0008057F2B1E70FA38E03329D3F28B65B1868
:10B5E0009C7E69AB4C3701C8B4616070AE8D6BF165
:10B5F0005D612217D229DADA9CD732D6B4DF4ADF6E
:10B60000367AB1FF6E1BBF86850F22789560A23710
:10B610008EF58F0E73A10C5E83B824987E48AE120F
:10B62000BE90EE227B7089C3D614062E9D2253094C
:10B63000499247846EBCBB53097296FEFF20960B5D
:10B6400063A2C77F0C444BE083B5CEB9249703BFF8
:10B65000E4579A4673210F45BB9981B91C50F4CE2B
:10B66000B9FD696E14C54DFF0B8678984F62182D91
:10B670003CEEA9802D3AFEB0358281B77BE403F51C
:10B680000677628F4328C7D5491C8A6528FE7799BB
:10B69000B0061DFCA5828D5546E2F24B5230AEAC91
:10B6A000741F48CB744430F8A588D9B6A028BCE8EC
:10B6B0003FA5055E592BBE714937C8F8ADEBEAC20C
:10B6C000FDD6A0E3C392B1ED535AD7FD9157C352B3
:10B6D00076EDF5482C36798240938419683DBF1089
:10B6E000D34A53DA038AF99E7E2C07335AE77CED5E
:10B6F000626F8E5A3C31F1DB7B8C92651D2EB94C0A
:10B70000982714CBFD245B7877D3CEE3FE0D37F575
:10B71000DD8F55CC4F1C788FAABF9D72C92774ED61
:10B720000E4DA995F8754D15FED3F3E230028DE666
:10B73000BFF1EC398FC4EA50E995BB18EDB5545C04
:10B740002AA554F01526ECA82ED6540C9C772A1E58
:10B75000EED2391F6DE8D9B5F9D2B7C34297A33EEF
:10B760001AB81F56F4465AC79AF253C252B725ADBB
:10B7700001658264752D18511A7A4F60A292E00813
:10B780002D03757290367F74A9736851EFA6F92165
:10B79000C2609A628A12FF7A27E1050EAC4DC33E61
:10B7A0007072F4B6EE09C0F5EB1ADAEA841B4C5855
:10B7B000BECE39DCF5384ADBE8F8FFCA9DDECE8420
:10B7C00009837263399A611CB6F249D3CFD836AC7B
:10B7D000070DB78A459FB122BEA71DFC90B381A873
:10B7E000FF6D968B77E153DDAC8A93464DFA97381F
:10B7F0005ED0BD94061F77201A99687C4B338E6FFC
:10B80000C4F10F3BD801BBA20EFE973FA3FDDFB0F2
:10B8100057D29C23BA1F2338D2F83A89C757465AC1
:10B82000CFF70E1EE86D4D1DFD8BD39C6DF65EECC3
:10B8300033A7D931216DD3206BA4B457BAF0DE6899
:10B840000093FAE318E7065C63B79D1D809CD080E7
:10B85000F60DA041EBB629709CB9D3A883421740DE
:10B86000350D7BF95F03B8FD25ED7C5D8E3E471FEE
:10B870009428440435ECD6612FBC9AD8EE981C3D30
:10B88000B563F8D98ED7B0B5C7915FEE789DFC3619
:10B8900095BC837F779E10FD0FE6E8ADE4D7D10419
:10B8A00058E3414B7F40B643E7CD209A6DFE149D8F
:10B8B000A960D745904FD2A9BDBB9A92D7C4D26296
:10B8C00029D162289F1E9485637D499A1FA9C77B51
:10B8D0001D0EA327D513DFAF3D5BA3279D45E1CE0A
:10B8E0002FB7350B3A6CF151F35CF77EECE97D37FD
:10B8F0008113976DEC406730FB2420DA19ED5884F2
:10B90000AD1FEE70E21C184746E7E0D6302A45FD31
:10B9100090A2641BDA989F337E8A4F6DACE6000FCD
:10B920000A6E7111CE11171F8B14C01C39E461A46B
:10B93000E9394ED12B8DE94FB1F450EE023A5AF469
:10B94000FF8D67AB8A933898BE3256893898C59A6E
:10B95000B0360D36C815359656340EE1ED0EB9EDFC
:10B960000974BAB8ECC9C2F64772D86A9517F36879
:10B97000DE5BE4E0B0A207C0DBEDECCE0F518F81BF
:10B9800058C4ABE878D883C743761ABC1BC1D40827
:10B990003B41B4623EE3F37EB490C2D053C69B7F7A
:10B9A000E41964B07DE448C4B10F9A244BB491D635
:10B9B000513706C604283D6C1A9F18B68B8E8892A4
:10B9C0001967559CC4AD13FE21C50717CFF802F3C4
:10B9D00061C42DDC1E3BF0DD4EEAD50B5DF84667F9
:10B9E000752FBEE5C1773C973BF1ED4EA4757FFE08
:10B9F000C1BC43B9F15B285C74A280291CA874CF38
:10BA00007CFDB148938DB782F8163CA3F06C8ABFD9
:10BA10002ECD88F8DB36BE19ED356C7C0A63F35603
:10BA2000B2F19D70A67C10D768A9437B2A307B3E7B
:10BA3000FCC07338936AAD643328BE36D5131CF14D
:10BA4000861BF241EA07D0E4E92D0B4B95F8E95645
:10BA50004D692570D7DE80D6E9540EA5E70203E5CF
:10BA60006D2D5BF0393284C2D2BF7F5899C1145B0F
:10BA700094003EB07B16F35EA86C3CF5A052BF6507
:10BA80005A16A61A7EFF456BA49FA1A06C03F46D05
:10BA900053C006DE83CDA6E573C91A72BF82CDA45A
:10BAA00075A65B11AF5BF3DF8A58AF8C440C0FBAFD
:10BAB0002A189B9F176B28501529D12A925A54593E
:10BAC0005869815BEDACF124B6DEAB06FBCE1CB24F
:10BAD00034D6394778768DA95B920587B7B1F02CBB
:10BAE000CFC67A7526E0F29903F818CB363061CECE
:10BAF000B75C8F066854FA49A4C9A9E56E0F503C9B
:10BB0000BD22D29451AB29CD05F76AAD1F6EBCE4BE
:10BB1000FCE0D7DE57CD77A5FDF4F36BEF41B937E5
:10BB2000D0046F01F86E6C9EF0BFDF8E6D5CFB2E53
:10BB3000106DE3544A1CE8A748934F33594145AB75
:10BB40002E6FE37501B657B0FB75D5FCAEBCFC1388
:10BB50003312E8C9FC4D266C970EF6548044B9B4F4
:10BB6000B6E3D1F49CFC749D688DC5F2460999F743
:10BB7000F94DD87A8C411769C2FB2626F9B496C3D1
:10BB80007664F4A20775C467EA253B3139FA6D3A49
:10BB9000F8A0824D1C66BF8077F899ABC5D358A634
:10BBA000CAC6B570EAF3444E60352A9B407649D345
:10BBB0000C3AA659B41FAD3B5B02A3B84A3BB68C06
:10BBC0008BAD47ABF88833E3B30360C9349F0E04F1
:10BBD0002D939C17BAE9B92FC0C6D53FADCE20E74B
:10BBE0008A6E095AC2D4BE49C4C7BA423FBCC6D243
:10BBF000C4A21579C3CE139A4F152CE26EA2BDF3E1
:10BC0000E61238393B7F00DE2F149E978DAB7A9277
:10BC1000C2FBC50D6F72E1BA83F6A05B035E3FD72E
:10BC20008526DCE3B4C5723910DB1E7C2CC78FDAA5
:10BC30004D1ED6A3C7766B9A6F6179D1757341CCCF
:10BC4000BAB9C131361E2855EBBB8662FFF5F49EAA
:10BC5000F2CD32FB8ED7D6F9F2B13B5E5FE7AB8E09
:10BC6000DDB16E9D6F44EC8E0DEB7C27C5EE7867E1
:10BC70009DAF2E76C77BEB7C17C67E06D7F966C5CF
:10BC80007E96B5CE7743EC6728BF25F63394DF1E4A
:10BC9000FB19CA5F11FB19CAEF88FD0CE56F8AFD1D
:10BCA0000CE5BF18FB1DCADF11FB1DCADF1D5B02BF
:10BCB000D715F0318E0810AC29E53DE84A42EC2852
:10BCC000FDDEC78D48958A53C64F7920FA9DDD2F3A
:10BCD0003033189D3A83D8ED5CAB92E93DFCE740E8
:10BCE000B65D71F8E25D20E4EDFBFA530B5CDF0416
:10BCF0008A2DAE7E62DBD66C79365751B9DDB8D766
:10BD00008CA8D934167FCBFE690650F9944CF3F118
:10BD100008A6C69CC56E9BC1CCA0B1B2A1807BBA5F
:10BD20006F32B69BE6DCE1F1B8C692C556DA351F34
:10BD3000F34A6E0617B12DCC19D4D4836FDAA097CD
:10BD400087DC101A6E6592D42BB0F444E4729BA782
:10BD5000DEA32805E699D853A8FE42B20BC3F5D757
:10BD60005816CABEB11B2B2C1ED6AF6B898F1CD2A6
:10BD70002BDA6AF7777A12173A6C8C5335BEEF3F9D
:10BD8000F9725CB6A0DD3C5D6D24BEC81289C53079
:10BD90007144EB8782CEA1E23EBE9443AB9985C845
:10BDA000514CC36B5559BA0FB12526C9AF620F77F5
:10BDB00098A6F3AE575AD59788DF698EDE73780858
:10BDC000490DA9B2502BD8349EF5DBA89F53288B80
:10BDD00034C92158249B47716BF9B6D2C4344BFF48
:10BDE000A59FD684CEE712954EF59FFA641F2B656A
:10BDF0008929900995B9DBF4CD8D2D8650C3BFA458
:10BE0000FFF5A7347BC7C8709BC2057663D9FAC11A
:10BE100096E6E3B237FF977A3A6E15DC44C77DD9D0
:10BE20000EC87D2DF9163A660A5A279C1883663388
:10BE3000F46B0313B439F69274D19761D9522CD1B3
:10BE40008A3D1A0EEC3FD01EB42D4A10ED41197FE9
:10BE500035341726723A98711194245A7FCED1073F
:10BE60002CB629D4C0EFAA063481A0C51A3D0FDA3A
:10BE70005C39FABE4925749D16BD9661195F6C49FF
:10BE80001FEFB5D14A6D5229010B179D650D3ABCC4
:10BE90009716F868731790253FE85FF5087E6B6684
:10BEA000FD4B6C1B2200CEB3F3040A65B60D1640A1
:10BEB000BE582ECFA0F3EF28B38EDCCB24DDAB4BE6
:10BEC000350FECA5831FF44D71CE18D71F62812F5B
:10BED000A0958058221F5972D86A4F60F60EDA7109
:10BEE000DF17E4B29372109BB713AC7A506682D31B
:10BEF0000AD810819420EB762C97C1FCDE6EFFE00F
:10BF00005AEA7FEE1B7FCF31726D791796033A6440
:10BF1000C2D23F91D64FADD32C867FEDD342FB41A9
:10BF20000F98A6F0C09E093EE21979CA35AC97A7D2
:10BF3000E11BE42AF955B9EA4D1DE04E3668558AF1
:10BF4000AE7E587C10D814BE7258F49D874DA1E780
:10BF50003E1AFAEDE32813F66B8CBF36F915D51FA0
:10BF6000FDDAF66604D87346A538CB9E41EB464C05
:10BF70006B3C95D0D177E4648564F54D0A31E3F8E4
:10BF80006366C9623496CC09DBA5D858BEBE7D393C
:10BF900096C43124D5D6A9E4F7E46133028DCB7A77
:10BFA0006BB22FB0D1691758B8EE33F041D126BF2C
:10BFB00062819369C001E0CCB8F020D27CDA81B014
:10BFC00051380BBE7B88B0E1F3EB6CA8568C89210D
:10BFD0006993DFE2BA916BB18C13967BBADCF26A9B
:10BFE0002F967A5A7DDBDC7BAAF342EB9287D8420C
:10BFF00034EAD13C26C9E63597B5798F63C7CCB60C
:10C000001F05F83EBADAD82407F9CE100163F6BF4F
:10C010004B0CC15D1BC2644D7E60F14F368B1F809F
:10C02000DC86305C3B9302FD2FA2911B0AB81459A9
:10C03000130FA0BF9D1178D5F21470CC84EF8365E7
:10C040000836F4E8C672142CF95674CB99597B92D1
:10C05000719D8116BE4FF566F750D87952AEE2C792
:10C06000F1F0EF1D72D9442F60F3CC03C3AEAD36AF
:10C07000A75AAE9989056A713772614C89205F9021
:10C0800067AD13E4AAE563C02B0EFC6B05AB1CB1D6
:10C09000B27C99208FF5CE42DF2A3E4101CDD8DA1D
:10C0A000668102DA3A5859B808CFE60164A99BAF15
:10C0B0005938DDBEE40198093F66A3127A1EEEEA04
:10C0C000A0B97C153817A36B4896657A814B752803
:10C0D00095C37E5569AAFC34CA3F9787C5BFCFBFB9
:10C0E0002FB901E5057F0C09B5692DB6D0FF1F906A
:10C0F000EA159773519C8711D115C7E39CD806A701
:10C10000B12914907A3EE80056F9E05AB689F8FE53
:10C110002EBE2179828360BA9DC6CBDB107506DA0C
:10C120007C9560ADCA43FDF641C76FE00DD0427FFC
:10C130007A4CC96513EE231B3F4EE10CECBE6EAC8E
:10C14000F004B80FC6019C4B23BF073E9233D22D9B
:10C15000C051555E2E4025726B6B09463B3B7ED32A
:10C16000E60C820FC6C469E978FCC7D44F3F39A6F4
:10C1700024B1EE9809CFF441FD7C800B5DE518B544
:10C1800016EDC15B27F61E6A39D67AFCFAC9DB6365
:10C190008F0FBB616D16F72561B1D49A66F9F880EF
:10C1A00059E06930F1368577B66C0D9686C47B20F0
:10C1B00045EB5813FCDB41B96D612650AD57F4BE19
:10C1C000CFABDE7C20ABB41BF2B9E33BE0A6B46896
:10C1D000FF46B0311F7B0C806B1DEC98B6DDBC4D6B
:10C1E000E07AB195F21AC501A0EAE67AA34D0713E9
:10C1F000FC9D86D39B21F68C186B7124F42DACB971
:10C20000D80136E50FBB33B610EDC3E84E6A372FC1
:10C21000ABB5F4336DB8FC5507BDFBF4882CECA925
:10C22000C32B5548CB588B6D038FA0B525ECEAF096
:10C23000215E163D16C75A3A28B41B5B779D88A726
:10C24000F7C5A5F2C841704773C64942BFEB3E3AF5
:10C25000D5F56EAA1B6BFAC13114F8CA8C68172F7A
:10C2600044687C5D2047DF90A5B274F7FF33DCA5FE
:10C27000505D50301BDFAF71B5A3F97510F8250E76
:10C2800005E3D8D375D88A263EA1AB27E05D827638
:10C29000AAE2B69B9A5D510F27F6527AF78EF70DF8
:10C2A0009164D7C45DFD61A90C1723F9D615BD7B38
:10C2B00060EA8E5C7BAA7352CA5050F65094B01C50
:10C2C000E034E55D58DAD2FE0E7EF9B975506D4264
:10C2D0007D256FB53B9A01AB522A43FD53EDA7C8AC
:10C2E0005B83DE7E054B8B7ED5A8FE01E5F0997D54
:10C2F000D2FE03E643B31B65597299ECA017301EBA
:10C30000B4F647F311B2283BFCDB4556166B426B83
:10C31000CE178CDF1A59841790CF885DD00402BDE8
:10C3200015C07A32BAFB24FA423CE7B50F806D7B28
:10C3300028B8B0BD70DA85ED39E6F933E05DB34C6D
:10C340002537C9EC16E20BF4A12DCF8B750EEB7AD5
:10C35000F47F7338BF59CE37AFF4969B7D4A1104F2
:10C36000A7D907FDFFB72B8F8464E5DEF9339C3B2B
:10C37000CDBFFEE0983BA3DCEC949B7F9595E781D5
:10C3800089ADCEA1E61E842F833DB5720ACD675FCD
:10C3900002FB38B21FF5F2D18A5FF5BC3D8B7829DC
:10C3A0007D74ACB020DD3B5D3AD7B4B4333447295B
:10C3B00027E5055C5926DC9CCCCC9AB15A9A91AD04
:10C3C000582E96F680532AA167FDD6EF3CBE48C88A
:10C3D000D98EE9A4F9388FD1547D0F9475C6F23CFB
:10C3E000C6701263565DC7E934FF730BF41D352424
:10C3F000EFFC8DBF44BC2FDED730B6956207249882
:10C40000097D6519E2ED7FDB87B4BE2BEEFA7E1D58
:10C41000D89189B7A84C28D742B1EF95B00FEE312B
:10C4200068E93BC5879BEA265A775D135F0EDA4BB6
:10C43000C59BE1F60474AE508839F6ECA6F5BF8BC7
:10C440004E153A21B9565B894EDB9166ECDD90ECD6
:10C45000B09EC7DA068426B610FAA5FF9B8AE73C91
:10C460002A2DDF4E87B9DB314559C4A11ECB22B43A
:10C470001ECE61F60768FF4C69AFBF2FE10D3A4F42
:10C4800009B4BE124ACFAFDDEDBD8BBD42587586F3
:10C4900030687279C2AF1C724187BE141265827F08
:10C4A00076F7CF2D8932DA0F28E7FB524A6BB92194
:10C4B000B631FC03B18DE1CFD8B804397D87D9F905
:10C4C0005C5DBE0EE6BAE4DB74CE22D723075AFFCA
:10C4D000347B7930A6947C9591B7AB71BB8C421EAE
:10C4E0003A0310DBA1C3A4D6DFB76D57B286BFA74E
:10C4F0009AC96B4130C1770329F5310F6E38C8579F
:10C50000390F1A1CAFAC7DB5D51E8B679BD743A3E3
:10C51000C30BFC5E4F609793E23794E2176AE30A1D
:10C520008650FC86527A2D95C50AE96373554A2ECA
:10C53000B8863BCC565AF7E72E4D09CE5864C61E36
:10C5400092C6B4517AFC28F573E9E505684DA674E6
:10C55000F5A61CE4904491FAEFFED307BB783F8A1E
:10C560004FFCD1F2DC04AC6B213B684D8F962F95CC
:10C57000459B4C0970E517C0C63D016A844616B755
:10C58000219A6B0639F694F3D19C15BC5267D0D929
:10C590006B897CE9C2D1C9D8D311F1016571108FC3
:10C5A00047B0ADDD0FC28B7E58FEB8E931BEBB513E
:10C5B0007485DF0ED03664A1FDB2AA5B2ECBFC02DF
:10C5C000718B3241F3B4DC3DCE83EB8A390EC8FF68
:10C5D00035B615EA0F28C4B8F4B352DB5ABE0A3791
:10C5E000A3DEAE25F499CF95D2F433EEF453DE49B1
:10C5F000899934FD79BA83A8748FB766463B703643
:10C600000F58894694A29BA5F59E72D3EFA4F74AD2
:10C610002E598411F6174ABFF2ECBAD0A556345AF7
:10C62000BAA4FC4DEEFC27BC572A69FE3D7369FE97
:10C630008FDCF46EB0EA18ADB3A8EBA194DBDDD2C9
:10C640007AB14C1BADA3FE43F77C3E66D4C9177389
:10C650005AACF9A9F1E84AAF76E0D71372AA12DB17
:10C660005BE71EDF87693FDFA0F3A7D83D7F0E950C
:10C67000A573E47C25FA85C67A10921644651EF6E9
:10C6800012BDA04BFD05E1FF630D498CD69AA2FEB9
:10C69000129FB5F216F9CFDA3D6B586A5092105AD4
:10C6A0009E7BF8E2AFE8AC6AFD5A36450E8C114A23
:10C6B0000085490C3CDDC3EE766A829500C1973B4C
:10C6C0004B52FBD0B96E033AD7C57467E273DD1FD6
:10C6D000E98895112D314EEBDC6CE9731AED7D1470
:10C6E000FBFD120DD3FF690C538270F3226987B1F1
:10C6F000D54DBF4F5EA2AB74A48952E79F6E7EFCFE
:10C700003FDECBC4F68745D1F6E7B9DB5FE920DE33
:10C7100087BFFB72D7A03B15F11C857DAD8AA7763C
:10C72000D914415169B271FAE13254FFA49380B532
:10C730004F24F6B40F17F3AEFE40130FC4B3B1830A
:10C74000954D32F7172ED9D175D05EB2C170CB405E
:10C750003941C227BB74297B1D0B6601234A47A7B9
:10C76000F10313EDF09D6E0FDABE8FDDEDDB5DB5ED
:10C770006C0BC5B52DD9DE8C668C75B99A8E4FBD04
:10C780007B7C7E28AEBFA74626A6CA3E964EBBA996
:10C79000854F27410F2D23D658FA932634896B50A5
:10C7A0003A0B5EEA4738CB12519A00C4B4961F3454
:10C7B0004F5BD93DBA92FAFF3CA1A74A3224CAEC9A
:10C7C000738E8920D85891ECCBE962D51670692B0D
:10C7D000D1822D7BE0EB5F87E768A0C9D58FEF584A
:10C7E000155D735A593F23A2105380ED5387329E33
:10C7F000DC9CA2B1566A15C539EA2A5D3FE2E8BB66
:10C80000A30BD1718C3A8DF4C7BF69EF05A87839B5
:10C81000E3C9CFB17BE8D06E7378B4BC95156D7663
:10C82000F37B4A607CA12CD94F664CC6BE23546F63
:10C830002AE44687523EE65462F22981F2D95F47E4
:10C84000DDA0BD59E05EAFB76C59966AA6EFE01364
:10C85000A8ADE795EEF9908B5BFF5B1FCCDA642DFA
:10C860006A176E0FBEDD8BCB564FC17A58CA5D0575
:10C87000D3B1E632E2C00BC8FDD549B1158A3B36CB
:10C88000AEFE59B1158D2769EF7907CA1FF4639D74
:10C8900028A90D65F83EEC4BC92BF37E414B3DDCDE
:10C8A000C2DB95A6283A4B81E09ECF06E3442508DB
:10C8B000C9DCB26C6261C07A11776E24F5D6982E0D
:10C8C00041C1FEFBD41A7CD760FC9B38E2454A6527
:10C8D000FD3D387B0734221E398AE27AF2B0886B3C
:10C8E000728B8D0B7E46C4953B42F90B536C794895
:10C8F0006E74541EF8EE8E971DB217BCF7DCF182F1
:10C900000DA38FBFFC72BE165E75C973D4F78C740D
:10C91000DDF9F9A07D8B0EEA3F63A57B285C22DE62
:10C920001EB4018E78209D237E7AF96521E2E52BE5
:10C93000D21CDAA90B6A383F88A2735A458ADEB046
:10C940008466638AEA13249A2657D3F7FAD3366E9D
:10C95000EE68114FA19A72BF6E3CBA7F43D1F7F6D1
:10C960009CA8B4D2D5742DA21DF9AA5F85ED9118AB
:10C970006B958C8D9773F1DB29BFEBA4A37996940B
:10C980002FE1352C6916F47A4CA1E6881C1CB2976D
:10C99000B46A0EC8D9F1E9083E1BCD5FC43798AD23
:10C9A000BF1D17F8DE09EFBB245E20BDEA04654F0A
:10C9B000D20DC52F35A187EC9526CC21E0AF173DD0
:10C9C0002836593E527D4B0766B41688333AE53215
:10C9D0001D8FD325AC5A168B33BAF2CAFF3EA3F58E
:10C9E00065FFFB8CAE2FFDBF66B42C5449A50E83AA
:10C9F000BFCA38F75B7ADA23C87DE46A3CCB8C3A4D
:10CA00003FD9EEBC9D2776E932D08E27AD8E1986B0
:10CA1000F5EAF12D6C7076832ED21AF0221CD1ED3E
:10CA2000294F28D2A938B90C7B3B174747B28B8EC8
:10CA3000B33A1B573587F65F11EDBFEF450CD14A6E
:10CA40007747CC9DD94BF9C011B48F9CD35CE7F1EB
:10CA500022DE3B1A929558374F9CCFC79EBB4AA9FE
:10CA6000F782BB7F9F2FA77B95B69FA904E59FA563
:10CA70003430C7E345F12E0DEBF7ABD7E1B9F1D177
:10CA8000567CCAB1EA34C13D40D2FB7F656D590B7B
:10CA9000DE51995BF1DE4AD4BF0C452DB38FC19AAC
:10CAA00064CB5F95ED938392EF6C883281F29EFEAA
:10CAB00062851C604AD5F05DACECA01244E61AB465
:10CAC000FBED3BDE639AB66CA89950057246E0997F
:10CAD00063F87B8D5921A37CE608F6F8AE924DAF42
:10CAE0004F9C23CCB1BF88A06EDE7C5BFD5FC4EFA2
:10CAF000C82FC2F3F9D3ECFF4614309E48DDBFBD0A
:10CB00006F519036109DF98ABDD02650CDD8545E15
:10CB10003CE3E9155EAC09FD92A96E8EE679746678
:10CB200092CD54CB54EF78C9A18FD7104384CABE9D
:10CB30000124DB3521BC4213CA2B60D71B32CA57F4
:10CB400027507AEE43B3FC093AEE27537E782297BA
:10CB5000FF0791E24CE49C011F3D8402E72BF57C2A
:10CB6000346F06469D5A66EBE6E5776E517AC7B993
:10CB7000E93D19B7D938C193F9F6459BA79C5B40AD
:10CB80006714477969BA5ACA193C51E65082625E05
:10CB9000096487D1999B5BC884D865A9BCCC18630C
:10CBA000616508BE715F924C3D1F6B5E7DF1BD6A91
:10CBB00023CF26E6D9D6770FC5AD89297C6BAE6A1F
:10CBC00063CF50C875CB299F8912DB525E8AF6DF8E
:10CBD0004FFAD741BE07C8622DEC8E379DBEB7BA5B
:10CBE000BE7B31B6F831F8071F9D95C57CF75DB463
:10CBF000E521D08444F09AA779C523BBE64037F3FA
:10CC00005C5DCE48ACCD1722601946EAA9F333CD5E
:10CC1000B8F99C66FC524E33793CA7094EE2359137
:10CC2000A17CE8953FDEDB8ADCD9F903E5D23FD869
:10CC3000379077924BE27BEFDAA612F20E7BEF840D
:10CC4000F4062DCE9EA6981D30D234E16B72FF5FA4
:10CC5000C903C2211C96FED06C9B423F3CC8559232
:10CC600020BE92D458307F3136893417BEA4A33702
:10CC7000CC9F52523FDABD4FA9A5DE7C19777F3C8D
:10CC8000E5BD4C25A073B0F84E62C52F400337C6F2
:10CC9000629EF46089EBB4044990B81ADA5FBDEE85
:10CCA000FE0ADCA33BE7C8D1BFB4F64CEB82DE45FD
:10CCB0000F336FAFB8BEBAD5DC55D6597EFBD4F56D
:10CCC0006F5A5EED5AD26998ED50AE61449EB4221F
:10CCD0005798A53E4DCEF7F9EA3F612DD199EF0463
:10CCE0006EF1012A3F6F16F111B4399C63974DE143
:10CCF00059598C05D8DE6C1ED276D2F6A6D5A3FA89
:10CD000054C06B534EA8EC53C1227B00844FEA649D
:10CD1000B4F611128EA5C3E1DF7D865C10B8E4790C
:10CD2000965374A50EA35EE3F4F7DCFCDA57AC412E
:10CD300033990742127EA32B467F17F2A0C21BD85D
:10CD40000F6349C75BEF45C9D55700D6FFFC654E59
:10CD5000A131C21BD42CE80142EEEE93C689DE4C11
:10CD60008DBD97680E0B0ACDE42BC06F8D6B6B5099
:10CD700027A5B68F8409F0344EDC8276953FE233E6
:10CD8000BA58FF0D77FD1E8BBDC577A4AC2EE7F01A
:10CD9000DE4736D4A2CB764D958E117C8A74CE9226
:10CDA000BEBBE56B14EBDB97262F2F5FAE5871ED02
:10CDB000ED69EF94BDC3BE7B6DE5B45565AB3250F4
:10CDC000CF2C31D3734FF618B23FA5BDC9B9E1B32B
:10CDD000E2EE9EA33DDE72554A2905D2CE5CF423D5
:10CDE000A10E237E62462118222FFF41A645E7A10E
:10CDF0003BD87B8498D61898C8A8EF935788CBD493
:10CE0000A7C9064E7E03F1F1B1AD65D87B51D63F7F
:10CE100027B986C4DF5E92217A32D5C7410FD78BFE
:10CE2000F0CB8A70A24138C4350B9EA8F0231A8437
:10CE30009C6B0DACAFF0241A849E445350D420F464
:10CE4000229A7AA206E150D732946705D12054B8CD
:10CE500096250E8BA46DD5EAD47B44FD6EC9F3856F
:10CE60007E19D1226451891F2A32D7150851B8FE84
:10CE7000B351039A7B555192E6DEBA824692DA2983
:10CE8000C6E85C99448B50897F7DA39DA35C0FD736
:10CE900015F847E31C55D1B85EB716A11CE596B44A
:10CEA00008BD5C4BE1858AA5EB0AD2484EBD1893BC
:10CEB000EC5A4AB4083DF06F69B453EDEA5A57B0E2
:10CEC00087E4E8C4352C756B1102F4FD7DC59275BD
:10CED000056D24D517EBDAC5C0669C0A629C81AE4D
:10CEE000CE75055C0CD5FF1B4AF5FF7C71EC041276
:10CEF0009B8E75EBE2DDFA7F0A5456D2FF93BB2678
:10CF0000BBF5FFBC5C13119613D715649352A56251
:10CF10004C32D6FBABC27A85A2FE9F9FEB26A209BC
:10CF2000C9E18B35FC06F4FF00FAFEBE623CC22567
:10CF300016A78E8B253133A9FE9F0FD5FFF373B54E
:10CF4000233A901C9D582F7140FFCF6390FEDF5015
:10CF50005714BC5C11B5AEA088E4AC176352A9FEAF
:10CF60009F37D5FF7BD2D5826822D68635FC06F462
:10CF7000FFE4E8FBA70A6CA72C0EA7CE15639EA7BB
:10CF8000FA7F0C2EBF260E95BF825A4B7254C523D2
:10CF90005C06F4FF3C07E9FF0D1DA4FF07D0B7A412
:10CFA000FFC7BBC6C26F2AC6AE2BA825105A06C53E
:10CFB000B8484C028633A0FFC7A0EF2B15CFA05E68
:10CFC000994A7A458C9945F5FF8650FD3F3FD7B782
:10CFD0006844921CC158136F40FF4F3948FF0FA09F
:10CFE000EFEF2B22514F909C9D62CC4CAAFFE74360
:10CFF000F5FF9E749D41A3339ED48635FC06F4FF55
:10D0000038F47D16974F23A97A312601972B88474C
:10D01000332392E8FF3DE93A854624CA41F5FF40B3
:10D02000DB5838ADC293E8FF716D91301563D68936
:10D0300075FE9EA66315D71D0EBFAB0847FD42CBFC
:10D0400045603DBFC11A8027D108A9CAD1130DC0C0
:10D05000A16E0DC02FB00D49840BD6000408C65731
:10D060001540C8223A800A57283C57118AA85225F1
:10D070004274E0DA4361425B28D10264318C8B5503
:10D0800068FED4AF2B384F206FA8C6906112C20F34
:10D090006B01FAB84224787C3594A1FF7EAC084637
:10D0A00094A916E1E9B0F65E089C4D350187524D12
:10D0B000C0A75C87B055378C9343D41EA430ECD501
:10D0C00008A760841382B187C2F85FB40147B90E24
:10D0D000A2D180F2A0DA62701846422D09D3489896
:10D0E000414281844524DC43C25A129E27611B09B8
:10D0F0005D24F48F2570483881845A126690309BE5
:10D10000840209F790B096848D243C4F421709B9E8
:10D1100038028D841348A825611A0933482890B035
:10D1200088847B48D848C2F3246C23213795C021DA
:10D13000611809B5244C23610609B3495844C23D1E
:10D1400024AC25E17912B691D045422E9EC021E152
:10D1500004126A499841C26C120A242C22612D09DA
:10D160001B49789E842E1142158140C2341266906C
:10D17000309B844524DC43C25A123692B08D842EF3
:10D180001272A4D7C2483881845A12A691309B8467
:10D1900002098B48584BC246129E27611B09B928C9
:10D1A0000281845A12A691308384D9242C22E11E54
:10D1B00012D692F03C09DB48E82221174DF021E11C
:10D1C00004126A499841C26C120A242C22612D096A
:10D1D0001B49789E842E14DE8FF01D277C1DA870BD
:10D1E000FD6ACB7E30B42D19DE3808386DAC7F2354
:10D1F000B8B1157BCBCDD107F2AE1EF27ADA75123B
:10D20000E01B3C94AA6E033D5B4F3B448B68AE8BA6
:10D21000D883B78575B2B2C7ACF1FF5F09676C03FD
:10D22000095B3F12ED20493690327B573C5CDD159F
:10D2300069FAD41A954BBDC4BD0A13B900741260C3
:10D240001650AB0409CF047A734035D29BEDFBAB8B
:10D25000CA2B09601D2C4392ED7B2F169F05E055CC
:10D260008B6C9164ED690CEBCF6CABD9B09149F448
:10D2700087192E50C38732E76F5D9DEF4E8F10A543
:10D2800007931821548CD187079624012C39DAA0F2
:10D29000BB6682BF740C21327BA23DAAD0C833BFCB
:10D2A000CCC452EDAF9AC518100E8773BED9693041
:10D2B000C17388E41D2AE10598C2794B35E84763BC
:10D2C000D94F2612E5597DCA135B1D29C3AF94A21D
:10D2D0009CC72F6F68B104A8A6B287DA660B0ED27E
:10D2E00094ED6325EB0B0981E83FD42F29A53BB2D0
:10D2F000B0CD9244A56D814566535B64E7B7A22F1C
:10D30000607BF060E8F111F89B67F07719FA2E5E08
:10D31000606172C43816C75D5390BCE43BD1765C43
:10D32000817BEDFCD610FED256E7FBFCDDFDA69E10
:10D33000DA97D2E0B06E963DB367E62FDA351E522B
:10D340002BC0334C983320BBFF0DAD7321D7F94769
:10D35000B698AEBD3B6D53D926628FC94BCE166FC2
:10D36000F102529B138617E76F61B18DA7C3F9BB1A
:10D37000D0DF0F203BCDF9FCA15F6B2C9F337043B6
:10D38000D770516B2E6427BC374615CD7FCED4584D
:10D390005218E7CF1D0F1708135B254B70367F8E91
:10D3A000356C5B622E2B52715696D2EB2744ADA79B
:10D3B000354FF760295F4A31BD5760BE89C5B96BEB
:10D3C0003CF731866DAFA2120B24FA5E5921F5337A
:10D3D0003AB9EE039992FF2E4E13B28F25F29622A0
:10D3E000BE7C59E661F9264684B21318B64D1C047A
:10D3F000A5FEA2648B2681D584EF73B7B245C6849F
:10D40000517860B5F994A009DEC74A3DABFFD6A1BB
:10D410007E7C07AD403F603972777F3E967A1BFD78
:10D42000FAE2BED5FC0F6ECB170C85F3588258FA82
:10D43000ABE6D37D6064ED1CABAB16CF93F25ED14F
:10D440004ED8B51645DBA98778A688F3A492CC936D
:10D45000895B0E497365227EB7E0864B7246A5D77D
:10D46000224D443A5084FF904807DEAA009716C622
:10D470009F7923A96F211CDA357CD37526C5B0D7D7
:10D48000A07BCB03DF3BCC33638F9234FF4B91D631
:10D49000E53FBC911C98E7098A15B1C027FCDE075F
:10D4A0006B3FB0718DC010CE84BBA9F2974853C6B4
:10D4B0000D892AA013D116304950EFE9B9C07C4D2F
:10D4C0005071CD547EAEA5696D69A6F91B6C29AC6F
:10D4D00025864A5F95D6555A723299464E1992352D
:10D4E000A60C2A94BE8795CB13E35BE019A507D160
:10D4F0006B106BB8836731C622B210E3116D3581B2
:10D500007B1F548733C9A7DCB8B6CC8834E5648D5B
:10D5100069149ADC1257DF445A5FA5A9C137364D0A
:10D5200088E5C21269BBDA369FFD23EFDA83C73480
:10D53000EA2119BEC1215A2EA454FA353C8646D799
:10D54000CD319D73F42D447BEEDE014A050F8BC473
:10D550005A458F88C68548876BB6911C2BE1127C93
:10D56000CA9687E688B73F9030022DC472DB252526
:10D570001B98AF00D179E399687E57627BFE22FB4E
:10D5800022AB7353C41DD54E058B67498D30866918
:10D590003733C9E5456E7AFFB9D26AD0399FE46E58
:10D5A0004BB012BE8FE56A691F83EF369FC5548E5C
:10D5B000E6FEC45059B3AA9BE8CC9E5D8B6FCE2388
:10D5C0004D5182A26BECED89D7A3680FE8EB311EB9
:10D5D0002102BB7E5A5648E6B58CB2355A6AB7D09E
:10D5E000F812336C3D201E1F45C988DE916DFB7516
:10D5F000F8E41F2FE0535C54D2305DF3426740EBF8
:10D60000630F4AD784B34C188A79FDE35E2C397DC9
:10D61000099D3AD5DBC9BBED536EFF9CBFA231A774
:10D6200072A15548F49B2EE538F9A49423B8876974
:10D6300016F328699E94B4B6BA57D6E27B33FC360B
:10D6400029BE4BB22723ADFB4DF012C75A53C2522D
:10D6500085D4A8A43520552893E8D1C284419F09D8
:10D6600032C86939A72AADDFFA554982105152AF45
:10D67000DC4BD31F449E44FDF502D71B22FCF6363B
:10D6800006DFC49CFF0EDF9A94D4630D63E77CFE33
:10D690005154D28DBAA824B8400EAEA2D676F5DE8B
:10D6A000EBDA34FFAA03DFE889EFA4E6D64A2BB60B
:10D6B000B1C39E393D9FD1C2F91F83B56963F6FEA0
:10D6C000A283B608A6D2049FFA186C3B5E727C5304
:10D6D0001A3C11C1840BBFB5295429ACF1982348D9
:10D6E0003213E097B24CE75CAE178DAEA1AE47F7B0
:10D6F000163A9F70F5A6A5F53870CFE1BBECF0DBCC
:10D7000091A6B1563ADE6FC3391C580FF01C706BEE
:10D7100049740F6B86D339303B4DBA47C6B7C8FB47
:10D7200093C205E7BFE48FDDEBD30D6722F73850D6
:10D73000E8EA47F578BB7A23CD8641305A7E39E74F
:10D7400078696DF9ED33ADDFB4E09B9953D7F14DB6
:10D750000DBE9941AD6C95D664D0865A96C8B16518
:10D76000194CB2247383B5F8EC87C8BD4DE5A6BF4C
:10D77000C29FE400DF4F840BC9CBDB970EBEA1C074
:10D780007713EB3D1698CBDDD23AF51722AD6F2417
:10D790000D6B2BB3C0FF5A2A2B335D75B8F9D776C2
:10D7A000ACF712B82510C0E7D7334B10979D476FE1
:10D7B0006AC1BBFECD350A2B3865C1DA5A069DAD6C
:10D7C000490D1ABE2F1706E1F343A5E9933A2CCF72
:10D7D0002D4BEEEE579E3C64B95427E8AED6455B20
:10D7E0002312378D8F958726C6585739D6AEB5F197
:10D7F0005A10726F4E9BC2157E27F5C6BCAB177AC6
:10D800002F3FFCB1EB5A67FBED9BD7EFB6228A5F47
:10D8100037A4C4DF9E9679C64DA3F4BB9556F8177E
:10D820008EAD5CE3B9FEE6D2D4E595CB3D57B4BFEF
:10D830009DFC4EF93B8A77DB5726AF2A5F357B315B
:10D84000DE7D0DD63CAE1872C82E3BC203ED9501AD
:10D85000382DD722ADCE24EE51E500E4AF23F39C62
:10D860007F2D7D38A84FBFAADCE29CC63D1C1F203F
:10D87000CE94F01F07CA279CA8CC0B3BBF6461BEA7
:10D88000CE79AFE3812115ED81EC91E047FBE6E92C
:10D8900082678E1FBDABC9C0BCB3D8E2099AB73846
:10D8A0001BB2FA072097FEAB3217CE2F1D32109312
:10D8B000DE18990F6772DEEB695DEDCE8134FD9164
:10D8C0004AB3F24E78EE400CB81869FDC6E47C917C
:10D8D0007B34BBF49785CE173A1F333AC36CD58897
:10D8E000083071BBC7B498D6892DF426F195902CD9
:10D8F000D63F6714C7231EAEE041CDAA5A2627D3D0
:10D90000396B415FA0E5513FBE81E6789B3A02C486
:10D91000B71CB4C7B71A92195D59966A7B3860D59F
:10D92000F1184ED744E925E5C59C374336B0FE8251
:10D9300002C1312B40CA560C834966B4C50A058022
:10D94000C7CB65B0ED00135E045B3F918BB7406DB4
:10D95000EF512FE607981446BB7B6F4E966D443807
:10D96000B03DC1B1C7B69765C57445751EDBBE79BC
:10D970001A959C9FC7BE8929159D91C6708A900DE6
:10D98000D98E1AD381C4E8DC5630C551C3FF89C98A
:10D99000E57FB4DBFC3876F3744E49F1791EE7D7A6
:10D9A000E6E33DA7F36B7B9F73A8E715A70F7745C9
:10D9B00036D1DB233FF91B6189249165750EE7AEF3
:10D9C0002CC9A0F5CC716B5E8BD499EB9CCE5D56C7
:10D9D0001711798013F4CD368B68CD6E27F7D2C737
:10D9E00069BFD79D719749782FFFB02497FACD75FD
:10D9F0002C978A6DD4BDDA8BADD44592597A90724A
:10DA0000097D259AA733B9216519EC199B97157CD7
:10DA10006A5279A73035DE310CB650A7F2EA6411AC
:10DA20009F6A967BC36F79D037FF5E2987B8568788
:10DA300067AAB46B2A87B3388F57DD56F6B0665F96
:10DA4000B920A5B6EC86B339057EA7584273D4BF7A
:10DA5000115E985A88F718C3E4B0A5820DA17335FA
:10DA6000615148113E13C0751FCBE187593295DCD7
:10DA70001F4869FA1799309F7FC119136473D0AAA0
:10DA800025C506C78FBC33A750A69303EEEB6F2CBA
:10DA9000F0EFBD2C542F6426946EF2CFA8731AB207
:10DAA000FACA11DF746B5CFCA3D2F46C9DC01B4FEF
:10DAB00076F73B8B17F49D7738BFE47FC1525AE16C
:10DAC0008228213B584E4B495E6316DCAECC8D124A
:10DAD0003007C7FC3BF5E1BC4EA25D4925872A4DC6
:10DAE000EE93C6EED9370273E5E01BF31C7399B0D1
:10DAF00040AAF13AFC2BE78956A9409707D6AA5BC2
:10DB000020B5FF2D51136D761A7CB25BC12545A55A
:10DB1000AC010B845312FDDECC9EE0DCF0F163958A
:10DB2000904B6D14D6FF970A8D28A6605B686AE15A
:10DB3000BD1D0B0A778796A3959EC013E97FD8FF7A
:10DB400006DA873041F5C5FC13209FBF578C35940A
:10DB5000422C6576A8EE66F14E8DD2372ABC9048ED
:10DB6000F48CED7A9CFA072B9A86E501C7DF736C7B
:10DB70004C3BEF98B236B5138D1121E421D6A89A0B
:10DB8000737B6C0BE5A7099126A967832DA8DFE5B8
:10DB90006C26136AE33B59994E01A20AD1CAC67793
:10DBA0002BF69B542886D96B3C290744825768077B
:10DBB000C74CCE91858F0F9BBF48B0EF21F7CD3377
:10DBC0005385283CFB459ED25329E4648664C245B4
:10DBD0001C5835C8B6339101D34935D67F5329AC8B
:10DBE0003AE7D64E7C106EB6293BD9A9A59CC2C98E
:10DBF0007FD16B441838F326F5A3157F58215B6657
:10DC0000C2750DE8D7D47F1D6EC65CD4B9CADCAB33
:10DC10007510D953849973C8A4BE63A686BA8D6B58
:10DC2000059DA433137F9243FB8470C9FFF23B959B
:10DC3000021AC160BF0E2EEA04CE42CB6371D51C1E
:10DC40002BE055B32FED749D5BBBA59CBCBF27A8F3
:10DC5000CBC9FB7BAB8D3B4B394C6302DAB7F892F7
:10DC60003EF0B33B1EF7DB2C154C0964FDFF625000
:10DC7000AB19A089EF2E55EA2AED9FDD525FECEF3C
:10DC800057F196D33BFAD5155887B469FA8E5FD50C
:10DC900028BF8A8FF8728753B482CF7F5802E38BF4
:10DCA000EC0E22EB7770E7D6A03631DEB297D82A99
:10DCB000ACC0F1BA380237A6BB3C47FFECDA6F7A4A
:10DCC0001477436E86B7A75E3BD377C175F9DE8FB5
:10DCD00077AEDD686FBB797575DFD85C6C77A3D8DC
:10DCE000A404FB9A297E661FADF8559F330FADBD86
:10DCF00022C7699C4C7B7C0943535BF4BFA4CF5B78
:10DD0000BA7FE9F0E57737CE79FBD3B787BC73F7F5
:10DD1000B5392B3F5D3964D5CD4D8CD61F5146A00A
:10DD20002D0E362088808CD34D062D85A7A1F05E60
:10DD3000D1D61974B55AB4DFB44ECC8B340BC98725
:10DD400072192DA3A37A16E7F11A42B01A897A4301
:10DD5000C44A3E209B671665F38A3B44D9BC000B3E
:10DD600091CD53FBE197BC8FB704A5ABEC5F80432B
:10DD7000F67505FCF8A074F12C79C8AE3992C56827
:10DD8000AA226422FD9A36A198CF1632BF978F93AC
:10DD9000AC46D75F437DDB6567451EDBFE27B16779
:10DDA000DB7FB4717303C59E0D5B49F17A20CA0E07
:10DDB000EC53FF437EAA50F3B15C01D2B185566C9F
:10DDC0006D126B0EC33B76165B2E496110BF8A95B0
:10DDD000A33DA7175B8E2DE08ABCE45963841787A7
:10DDE00076A36FBB40D01AC45D733B40FE091F1D74
:10DDF000CCE96029FF9B41FC7D8B2F656DC3DA0C5C
:10DE000029617B55DC5CAECF218BB00E31465815B5
:10DE10009F7F88BE464CFD107D3F49C2F0CF3FBC7E
:10DE2000D14FFD9AE40B29FFFC7CD250DBE7238124
:10DE300071521E5702779EC8B1BF72CF69524E36DB
:10DE4000226C98146A9FF4A4CA0B78142B95006E68
:10DE5000F162CF08AF4AF8698C155E1C9667839D06
:10DE60002E36E8DD1C7FC3362CB367534F01D7EC49
:10DE70009B9DCA464C4F4DF9A4224EE91CB6BCCF1F
:10DE80007BA947BA7D048B6856BE9B495607619BA8
:10DE90002C5FE96553E4D4867A4B9D2CCC1B2C9ED9
:10DEA000691F89F2586FECC67E00C8AACA65C816F9
:10DEB00027DBFDB14D4EEE1FC4566964F7BB738A74
:10DEC00028FF6A37867B8351C97D69C59611206713
:10DED000047ED9CE94315A922FBCFB6D75106E839F
:10DEE00077C999EDD426C6E7D872A7B12362638DAE
:10DEF00005AD26A865C7766AAAD0390DE35A6A1F10
:10DF00001FB4CC90A2C6DFF1DD51412BC9D754F428
:10DF1000B5867CC57547419992E859D0B54625DA52
:10DF2000AB866FB9C035BC271529D3208C71962CD0
:10DF3000EF1371D6168A6F658D111403937318D77A
:10DF40003A9ACA58E9EF10ABAB3515AB9D0AEE1AF9
:10DF5000F6974E79EA6D1AFFB2D3936B31E8EC1C59
:10DF600069FFA7E26833BF874F18D9C6B1F60038FA
:10DF7000B229D26E4D86463B1092FD9C01D3840897
:10DF8000E71BDD8F61AE17303A50AF66599B386D95
:10DF90008EDDA9E6AEA838BD9CEE3F8E2B9BED1121
:10DFA000E47DF043CC553493BADF46A9B4EE8456F1
:10DFB000527775C552A737F79DA44904229CFE836A
:10DFC000FE7B129D222F04BDB5B3E9C8EB475E3737
:10DFD00034A11A467017B015D4A0B7F0BD9815C774
:10DFE000676D43234AED857ADAEBB5FF324EC2FA0C
:10DFF0009865F69217022D93C0E908628BF6A3F696
:10E0000074D25311DD4B28451FA8FC89251F6FDCF6
:10E01000F3037693E28BB09672DFC2971BACBAA083
:10E02000C6B86542DE2EA73259A0BC83EBA6E7EC4A
:10E0300091E2FF82F47F80A075EF0B7E8D340F3B61
:10E040004DD7192BCDC7D3FD88FFA6EA819C2D3D66
:10E050002867B398B3CD4CF7573C3A01B873945E38
:10E060008EB48E6C8E348B79F698C43C61FCECBA1D
:10E07000D15A591C1AD1A27CCBD7848EB515F32A5C
:10E08000AD2F350F944E988AA8BFB01F717C7E1CAF
:10E0900069FDE4EE59656414424F6F3417B7705749
:10E0A00068AF459A9FBD2AAE20997F56EF45757897
:10E0B0002C8B165F2B33AE952C71E6F1E30B5EDFF4
:10E0C000FC9A33AB7CFC8E0D4E393F7EC76238DC48
:10E0D000212F719674F866ED70EE561474045D0B82
:10E0E000EA70162BFA82DEDAF5B33D08DB3F9AF5CB
:10E0F000D0DE47EC87A464EC5529821BEC4504DE96
:10E100005B621BDA7AFB6A65D116C6389967E0D282
:10E110008F8073E3883F07C0550ED49BF0EABF1190
:10E1200046F9B37F40ED2665F6ACA6EDEEA53B467D
:10E1300066054D11D6D17ED1696B65FF635510FB25
:10E14000BAAD16CE586BE59648A7B0FBA39A6D887A
:10E15000C5B88C77ED251016F5B036C10AA4D4E009
:10E160007BCC69E3412B0FB79B38BFDB4687D223BB
:10E17000A813857CD0F5DDDEC6CFBD81B348F94854
:10E18000D011EA8DEE9E0C0D5E0A32DA5FDBFDB532
:10E1900048B7D1CD22266D2B68FF3D1C7914979787
:10E1A00021484B44C966A2439B7E3932FF95F391C7
:10E1B000169BD98ACE886299B0C562993DF7E889E5
:10E1C000B52BCC817A9553BD1B04E093DE21983B9F
:10E1D0008A39B92668F242BF7980B6D745C753A7B6
:10E1E00041A7E28107DCECE5E117706CBB46AF208C
:10E1F0005698D1AA74344F0EBD7D9E31A45867093C
:10E200003AA54EE5013CEC3B10ACCD33EEAB6D4492
:10E210000EE7BE30BBE6CD3EB0EF382CE8900705E8
:10E220009C343F613ECC4D4E8C162631D3E81DA761
:10E23000FE02D472EC61EB3EA01AD2C9872C134BBC
:10E240007EF4B30869EF5DA50EA6C6875975B0E8E0
:10E2500048181494E141238FEDFC68ABF2817700FC
:10E26000C5F32E9D1FED062D6E81718F1747E94472
:10E2700053EA5B450BC71D6125506C6BE367DB4EB2
:10E280001C137E57FE1AB583ECCE9571D0D084CE88
:10E29000AAEC3161099D39DA3B7447FA9398B729A2
:10E2A00050CABBA766006206CD95F003AD3748CAD9
:10E2B000A5AD1E542FCDD572998EB37FD2794CE384
:10E2C000D32F19B49CD69E4E7A6D3D2DFFC9B086D2
:10E2D000CADF97BF80F54DC47CFAB5B47D9503F9CC
:10E2E00004EA8F20FD5BEFF4DFE1F76FEFA574BF69
:10E2F00072779FC140EF5C5BCE316E5ED4F8336DB8
:10E30000EF597536F93F80FEFF35E65AD60EBAEF63
:10E3100029C2677C349238DBAF8100E6797963EDFE
:10E320001A34A239A2F7A222237B5CF770BB12AF8A
:10E3300086CAD9B4F666F53EAC3B6A7D0ABE9FC478
:10E340009C71DF68241C1BD6E8BEDD388C6599B94A
:10E350004867BFAE4F84163684B6E60B91B6157C7F
:10E36000091CA62DB3EF801C8F769009E21897F652
:10E3700055F59BFDD6F8AEF45EA62AF264996DF6CB
:10E38000CEC744FE5F98555B6353028F570E7B07E1
:10E390001C2BD2E8DBF078B6365D8EB65C24D2F06A
:10E3A000ABBAD36AD02A45F644E54D2A05F0F8C148
:10E3B00091A3567763FDEC0A96D8CB3A82750E7C12
:10E3C000C7C11DFC70EA33E7E7BE97CE508AB7FDA0
:10E3D000485B78F4F5CEE77F39F27AC93B2EC46DFD
:10E3E0002AADCEB9E3FAA51DE71E9A071CB6715BEC
:10E3F00018DA2F3FD1F1FA395E5F941403F3FB650D
:10E40000F62BD3FB26059A7900573411DBDB6A0B18
:10E41000DE3D67251DB2174275383917137F181E68
:10E4200001D2794D9A1D6157E82C3B90914CC75908
:10E43000BF8707DDB95A7765D92C11599A807B2C93
:10E440009A5FFA1E8F7C1D34F478083AB8137DA3C6
:10E45000B4491ACDC87BECB61466D6D5D92A1FE0CC
:10E4600011E471CD6EFC8AC72F08E446A13E55D950
:10E470006C43DD6AB0058C443B4DBDBD47180303BA
:10E480008EF036CC2F2C3D0AD1961D9EB11ABDF2CE
:10E4900061F5DEFB21BEE3541FB1402133B3B63238
:10E4A00016D4589700B447BB6D1873BE16D797356E
:10E4B0003DB10EFFAA49BD365E2FD378DE638B5285
:10E4C000121D73243EADA4F43B4BEDE8C572DECEC5
:10E4D000A27DDD527BF79CA3EDDD238BF50222E7C5
:10E4E000FA2DD70A29463B4400F5FC08F5162CB353
:10E4F000B4E559438A0DB50D0B79A373C85EFFD9F6
:10E5000038BDE6E22446C813BE36C6790368F56610
:10E51000830262CC87856711E78A60DAE9AB574BE3
:10E520002EA2039977A52F73636295FB8008A3E35E
:10E530002361CC686FE7AE7DBF421FE590A091F1EB
:10E540003B3F1A3AC0AF84663A828BD54AE267E213
:10E550003296C5A5F3ADB9CCBE65264DDF3910AFF7
:10E560003D85E25FA7B5DA07C57F5966FF4ACABF96
:10E570007D101C14BFE5059ABF90ECACC5FEFAB344
:10E5800053C69DBC1F3E6E9C789B92FC25E5175F91
:10E5900052785FD1F9BDED7E7830CDA3A0AB8FD09E
:10E5A0004CF1FF92D6B775CCE7BE01AF6ED78007AE
:10E5B00040F0721ABEFFA5C6720B189B7870A77B3D
:10E5C000589D4889269B0DCD9E3607E583DF9440F4
:10E5D0002CBDD773C26697B3AA8B17197B37919B53
:10E5E0003E7DC86EFC9C472752BCA68A146DD9E4B8
:10E5F00073551CFF8A93148F5E1B973E9AE2F9AF06
:10E60000D73BFF7910AFB1E1B4075ADE66EED0FC1C
:10E61000CD347F8F8DD38F6EA833565815F003BB42
:10E62000FCFF3A47C0BFF301E41E96C04ADF806694
:10E6300003E362A53516AFDDE1E23A2B4A344238F6
:10E64000823B804E96E3B8E5A8FFF4EB8253C6897F
:10E65000DC49FB0595B67A47DCE36A1FBBF1F3A6FC
:10E66000FCEB38F5CBF016E68A889FD40741AC6105
:10E67000084DBC2FE597F5628E840D749FFCC80D84
:10E68000638198A3ED28B52CBA7E5D41CA3874FA2F
:10E69000245CAFF463F74D2BE154FC6787EC9B617E
:10E6A000392D1BBC02CEE2F66ED3D9E588E2A62F47
:10E6B0003E827E2EEF92F491BA32E22FEACF0779B2
:10E6C0003FE85F0EFE79B023C8F58809A7FB8D1FD0
:10E6D000A16FB982F2D9AA1268682A790FEF82DD98
:10E6E0007BBF05945ECBE1935C99C75B9467CF8158
:10E6F0006AAEECF7B0DB116C9EC0867C3B4BE15FF1
:10E70000560B845F1E7ABDF3F56FB187A0EAA3387C
:10E71000C4B6E16BBA2318D7F7E76B4BD245DB11D0
:10E72000BA7125AFDBBA23D87505BAF1C3688BF58A
:10E73000453E07C439945281C7BE119DBFA095FFC5
:10E740000097B91F8E7A274BC55B50EFE8C6297535
:10E750000564E4213C86AC2B481E0773516E8795F7
:10E760009C2818B4C742F86F77B72A03E13FF0DF5F
:10E77000CBD097DB8E2D341842A57E289D9CE38755
:10E7800077F586821A53172B5A1B8820B6138F15DC
:10E79000624B187D0BAFD45B75255F50EA24C0A790
:10E7A000B802327AC8FFF50908FEA0FF4B4350FAC1
:10E7B000FB743F51520203DE82161EF17C6CBF7562
:10E7C0006453DCEB57B2F089048EE2B6B8B17E8DAB
:10E7D00062ADE2B6E0768708EEF58FAC70E9237B98
:10E7E000081D9F73642FA0FB86263A6F76BDDEF965
:10E7F000F55175C5E36C343E0E30C970751BB057CA
:10E80000E0FB9A88B612186F8F9E5401543A35C0B7
:10E81000F7D334BE15F53BCAE702A8543F1AAFCE72
:10E820000078C85EE3A800F8A5015B3288CEB80086
:10E830007EEBA942D498135B14612C81BB9CE2CC83
:10E84000CC2C166766E6411B97104CF975315DA913
:10E850003B8D93B8C5F85D47C8DB6F453B0BF1FEB8
:10E86000A4C83849BEF891BACF6EEBEE1E5ADD61EE
:10E870004862528D59720EDEE992C7CD821FEABC02
:10E88000C416B72C433B20B1ED19E298DAF33DF5FD
:10E89000E2A09552EA21D6D5C23EF6B0A6962C4605
:10E8A000090C49EA3CAC49F5DA397B2E79AF3937A6
:10E8B000ACD29895C4192798D2C3CD35163B1B22EC
:10E8C000D45C74B0CF2C3D46FDEE80BF550A3E3778
:10E8D0004478A58B7D28E4E057C53A33CED0FBCCF5
:10E8E000A9529DFA9719EDAA52596612374F10E4B2
:10E8F000B4DC4C6C99EED93ABA1B79458252FFD2FE
:10E90000B859DF082224C487C5193E4582D4B270A5
:10E91000B9E3FFC62D613DE2806642E733F4DDA234
:10E92000C4C6AD09587C14DE4D92E11D45C0E2F825
:10E930001618D08DF89A2708C880AA6EC47594401E
:10E9400053B50FEDCE7602EE3FB40DF19DA920C771
:10E95000F4763ABB1E3A033D7F117101F3249CF516
:10E960007344AD60DDB11D7057E6C84C47C6B2D1E7
:10E9700036F3837695627B125A31FCE8FC6EA6185A
:10E980003ED3568BE5B6C35BB15683314BCBE1F733
:10E9900042ACB3659C20A487982B4DA44519528B9B
:10E9A00082B38C1D722E7A521780D95D20682DB6E5
:10E9B0004D2C79118C216FAF54FBA61BE360799924
:10E9C0008C34428193EBE97BEA661B37D747C482DC
:10E9D000CB16475AF029D944213DD2B45FC8B12B98
:10E9E0009B43042CBD9BC8A84FE0B75ECD6A4AED9F
:10E9F000E9520BD313E8786AA02320D83D9EE2B1F8
:10EA00009E0D43E483F1DD0EDA690444F36DAC3D01
:10EA100099EC1B978EDD6ED035CC9868973D8D4E66
:10EA20009FDE1EAC6C32DABFFD8B93A11329786296
:10EA3000077C4121CB512FD689369F4959AE8DADE8
:10EA4000B41FB4CB1A754C609A3FE0AC88FA118BB6
:10EA5000796781BA8FD3FEA71D9B45B4DDFCCCE05E
:10EA60006CBC7ACA22E500162A59FB08F25E4229DC
:10EA700050FE771B374EA3F627E373BD480170A8FD
:10EA8000987FD49FA3C67A0862FD91D633F61DEF16
:10EA90002116323C60E5912C78A7C357BEB460259F
:10EAA000542A7C8D9572A0723DEA469B6C2FD961E9
:10EAB0003973597A73BB97D8ECB17ECB52B43BF61D
:10EAC000ADDC79A66851119DC7374A126CDDBCC711
:10EAD000AEAFE3D2F37FA6E3E5CFEEF9F0A7C265D0
:10EAE000BE2B8D139474C7DBB887FA73F174CFDF34
:10EAF0003125CBE25A82D6A376F90675ED5809DFA7
:10EB0000E906412B35E3E5ACC007DD0E5A8AFA99D8
:10EB10000D6AFDAD8E8D68B30496A4CA687D4FBBA7
:10EB2000C76728AE2B5CBAF7D84DE7A7CC8D4FC886
:10EB30002607EDCDD061342E617461C2E052022D02
:10EB4000950E6E388A88364B8A6397AEAD6E602418
:10EB5000AB3FC6DA99E81C8D7E6D26B9A77A393E9F
:10EB6000D728E751EEF094545B69A0EF32EFA5A9E6
:10EB7000C262399D0FBF4A29E009E71385BD833D75
:10EB8000640EEEED5157E9BC7E5E6D26FCF355C474
:10EB90003F65629F861DA1742F914DE19848131C1B
:10EBA00081F6805672AE9AE9976093EBD9B89535A5
:10EBB000A6EDEC8B09C70A0DB7299C59229CF69744
:10EBC000D0D89067D41524409F0B404C2BA769E107
:10EBD0002F62FDEBB57558D3D238C5DCEFBB7EE4B0
:10EBE00035CDF8F132CDE4F132A8B82887B378D624
:10EBF0002F09BE7491B529F46C8DE2227BD05E386A
:10EC00001DE6B75338E1334538E52FD8B8606E5B61
:10EC10005DC9EB3B4F84A01957B24CFC0D4AD04C58
:10EC200096CB5FAE2F5923FE1FB72CE05D818FBBC3
:10EC30002E696ED4582625C6B5C26CD4FBBD2F27CD
:10EC4000C4D5C7CDFDE4C4CB097E09F0FD8B72B4F9
:10EC5000AF636BCC07D9C92B31EF38649F682FC8DD
:10EC6000F2CB226F2D22353D464AFD2BC76F2EA7D2
:10EC70002857CD48A2FDEFC43E2A07B4F0D5F71FB0
:10EC8000A3B97F82F9EDAB0CB513552D6A9C147DA9
:10EC90008975008625479A0C5AB58B8C8B70AC070A
:10ECA00040EAEBEBD1A9D15CD4447687FED62E980E
:10ECB0008A6176540A9AC9864C344F32234D1E1EFF
:10ECC0009AB86199F4CEBF1AC5290D5A15C7BCCAA6
:10ECD0009EA5A3FFE1CB0938E74E270A177B7BB837
:10ECE00067C5F5A019583E65622BA745146069EB0E
:10ECF0007AA4710E1E04CC284375C833CBE8F932D0
:10ED0000CC8FF2ABF36E7E759FD11AC719B264E354
:10ED1000992C84D7B2010B5FFE7728BC2E37BC7BC1
:10ED200022C51AF3E8FC3CEBC6E467ECBD6040EF9B
:10ED30002520D1D1C457A1BDBD4FA509826E8A59E6
:10ED4000CBCF6EFE795B8414667DA58EBE6AFD1CFA
:10ED5000691AD54C53EFB8D7B71B36C1348BAE17F1
:10ED60009BE9FC6876CF8FEB5CD2723A53836F4A93
:10ED7000B04BDB697E0BCD7FD29DBFADBA6ED4DACE
:10ED8000532DEA1E3C136E3CC4BB24D1CFDC6FBDB7
:10ED9000CC5577D0DA5BDDF85E156F3AC2DEA2F4AF
:10EDA0006B70D3EF2726156B4CCF13FE58671AFBF9
:10EDB000938A97DE556E726D949BFCE45EDFBF3FD5
:10EDC0002388B0DBD6517C0FA73904B4A3E166D900
:10EDD000B7602B1EB7E7DB3CF5C3B99945336BD45D
:10EDE00025A0A67B12638868381168E9EA2FE644FB
:10EDF0001DB5687EA10C6B59AA37E3FBD3EBB30DAD
:10EE0000BA28BB2C6C33806C115BAC70F58B6F0631
:10EE10000B64FBB71B3F33B37E1BE0F6EF40ACFF48
:10EE20007F83E6AD8688440F67E08EBE58BF62D010
:10EE3000B015EB4BDBD0F1E2FFB5F72DE05155D724
:10EE4000C2E74CDEA3284A0534DC7A2006925C1225
:10EE5000F2E26178943C26C960126226012BE03010
:10EE60009939490ECC8B39332469B15292F06A1525
:10EE7000DB54A185562EB656F9EFF552A9A262AB26
:10EE800096FAA23EFBFF3EEADFAAB53ED04B0DF557
:10EE9000A7057B35F3AFB5F73A67CE99CCF068EDAF
:10EEA000BDDFFFFDB36167CD5E7BEDF76BED7DD61A
:10EEB0005E9B6B135B74FB94AF7DFD57D3B477AF50
:10EEC000265FF278C692097527A307FB2BC5A1AB75
:10EED000FEF0BDF0A9A98770A565BBFA2BFF227CC7
:10EEE000B3869F3FBC6FE37751F1E5813DEECB1ACE
:10EEF000761DE12BD2FBBFDFEA86396B3D9B4F5677
:10EF0000D37C52399C21CCE373D6BBC4B56DBCF61F
:10EF1000B606F737FECC6ED9545C76BF00AB30BB7B
:10EF2000F57544D380FA4A06F5CCB78EEAEDF3D4F2
:10EF30006D365E8B192BE97BF25DFAFCFA8448B2E0
:10EF4000523B77B2EF01235B6B69C45B2B66EF1515
:10EF50005E3EA4F5789ECFEE57F7B8AF8A00CFC0DB
:10EF600056CC4C91E774732EEC33AFE439B58994E9
:10EF70007EFDC69E293DF73C3579F19EC5EEDC53FA
:10EF8000966C0FFFF6F0D83539CFF0BBBF33025C7B
:10EF900087E8B75E18DF93EDF9BA96DBC37B7A7E1C
:10EFA0009FB5E7D8E57B5DE91B8FC546CDB71AA6AF
:10EFB0003CFEDCA345030F6CCAA8CDDBDB2988B57A
:10EFC00079FB3A85F281BC9F760A4503790F760A70
:10EFD0002503798F740AB969272E9E30614044DF7A
:10EFE000718C12B5B46DDAB87F53DA9D1661829ACE
:10EFF00027FC614ADA68DE5E0B70E04503F70E5CC1
:10F00000F2649EA00A374ECC489347119373746004
:10F010002043D0704319BEBF12161A236FBC2AF4C6
:10F020004FCC49DB16C3DE09584915D64DBC24ED3B
:10F030005B31EC41C096AA826BE2D4B47F21ECBD77
:10F040000345B7E495A609038BD284096969E97F72
:10F0500058A28ECE4D132D79A547A64EB8E8A2F43E
:10F060003F347D8DA5FF7FF216FF69A8E5E00FBE56
:10F07000261C1CF50BEE2D17099F74AA7B2DA5EEFF
:10F080004D699063F87DC052BA69A340469D31BE78
:10F0900072D7DBEA0CA972D77BEA8CD2CA5D1FE675
:10F0A0003D9209FC69A625EFA79916F4BD244B1DD6
:10F0B0003FA95215A4D20909E9D519072A777DA4D9
:10F0C000CED85BB9EB637586507AF970C63776FD9A
:10F0D000C51C12C209F777C2EC07702FC10C82025F
:10F0E000C1FBA7913FC10C82C234CCEDF1DB47A339
:10F0F0009F821DBF73347A15D87960AF03DB05B6E4
:10F100000FEC76B07BD01E1C8D06C196809D06F656
:10F1100017F78D469F0638E561709F837DF821A023
:10F1200007FB3CD874704F043BF8F3D1E8ED60EF77
:10F1300006DBF973B37BF408A4FDCBD1E81B4F7257
:10F140003BF189D1E81560EBC05E0F763FD807C070
:10F150002E03BFE3601F04BBECA9D1A8E7F9D1E8F7
:10F1600046B0352F4019C05EF1E268D4FACA68B4DF
:10F1700011EC37C1FE1AEC4760E7BC3A1AFD0ED815
:10F18000D7C11E7F0DD203FBF0EBF01BECC760B3C1
:10F19000FF37A4F1DBD1E8CCDF4158B07EB0B780B7
:10F1A000FDDE1BA3D103609F04FB5BB01F83FD2B1F
:10F1B00058EB9BA351CB9B3CAF3FFCEDF9DB07A782
:10F1C00046A393C156817D90EC93601F2E8946DF44
:10F1D000037B1CECC7604F83C5FE75BA57B4B28E73
:10F1E000962D5A18ECE3EE6C724F26F778729792D0
:10F1F0007B32B91BC92D917B35B94BC91D24F73C16
:10F20000726F24F76272DF4AEE4672EF25772BB9F0
:10F210000F90FB3A723F46EED5E47E91DC3DE47EF2
:10F220008BDC41729F20778156BECFD9E4AEA89C7B
:10F23000377FF6FCB279F37C12CBC7284F6F2BC116
:10F24000D5046F25B891601F4141B80263019B034B
:10F25000D64256C35D415633A201221D2C0D423ABF
:10F26000C348753687BDA1C55E572519DDCB6C6DCA
:10F270001C915F5ADE87961215A49AEADA6B9A6C93
:10F28000CB6C4DDC5FAA0D44BC1EFF8CB014925DAC
:10F290001EA94E56956EBF64F77705423E57580932
:10F2A000F829A0E490438ACB2BB5447C9D72A84AF0
:10F2B000D2E2C3B813C463A2465AC5AF84EB237E1F
:10F2C0003746A9AE505695F4B8FC1EAF1CD24AE89A
:10F2D0000A06BD8A9BA538ABC7150A97CEEA5155D9
:10F2E000A71A768565A7CFE5EE51FC72891BD3C9B5
:10F2F000570B0A218D7024E4973D52BE87326287F6
:10F30000F8A52E97E2953D33A560485655C925AD21
:10F3100095FBA570009DEB653FE60CE20B8579BF80
:10F32000C5009045E52B8ABF5BAA0904C292DDE7C0
:10F33000EA96A5929212243060905290DA43FD48EA
:10F3400009D175CB61A913BD15E6BD5E7141A6B4A7
:10F3500070B92BCA97E4AE68CC5D51EAE3F5A3F22D
:10F36000FCD5D5B5F188F4FE530D81EA5986ADBAC6
:10F37000BBD5A5AAB287E5AF40CAF746249F5A1865
:10F380000B1F0EB9A01A21139096168FD4542ED5A8
:10F3900042FDC8D27257BFD4EC52D7AA55185FAFFE
:10F3A000AB1F1DEDAE4EAF8CD5ED77F96481DA81E0
:10F3B00055ADC71372A283D5EA58FAE0728ED0D247
:10F3C000C997CAE6AA5552695F3EEF4A75CDD50C7A
:10F3D0005F7D9DBDD2E968AA5E6673B62E6D6B77C0
:10F3E00096127D3CBE2C09BE3C09BE82F0B6D965A2
:10F3F0004E7B6D756DA38DBB3B66573ACB9C753AC2
:10F4000086BBED2677799C7F799C7F459C7F459CC8
:10F410007F659C7FA5C11FF35367C84FACFE6B038C
:10F42000FE2EA53B12627DB84A1B1F50AF4ED98FEE
:10F43000B52A2D582895CD8910DE8D619CE0AB9AB8
:10F44000F11298A6F262871BE271F7045D9E2A29E9
:10F450005F2A8F484099EF960AF223D2354A4DA190
:10F4600095D14944CCD23F1B1DA36CB23727A19B39
:10F47000EEA4F1160A4B0B174AD39D4E6F3977F263
:10F480007C1544147F38180E39C3859C54F67B30A4
:10F49000E75E050678008901C1E7896E1F0EB6C4D4
:10F4A000D521E49755423772D81AF23DCE7C285CBC
:10F4B000A0AB4B85F104FDAAB4ACD4DB0763B7A7BE
:10F4C0005F8589C02B618F47F43C2FF6B815301A41
:10F4D000307C497EE96C6F649520B506BCAE50BDAA
:10F4E00012920BDA0A2547A0566AC4AC3B025DE1D2
:10F4F0005E5748C60968BDE29655A9A0D1E1289497
:10F500008AA5F57248859CC08C51C2FE17AF2F2F7B
:10F510002DAF2C299D636D6EAD77488DD54D634819
:10F52000A4592C137521057C62BE2AE09B95E265E7
:10F5300092BDB13651989AA5D56D750B7DC12EB58A
:10F54000D8A3A8EE40F15A256C2D7017429504FB04
:10F55000434A774F582A2F2D9B5B0CE9974344EE83
:10F560005000A6B7A054DFDA502DD960BEF4786001
:10F570006273F4AB61D9A74281BC1136679658AD6E
:10F580008ADF1D08050358A530092C0DCA7E478D5A
:10F590003DBE686353BA9AA7B41C663F39E497EA44
:10F5A000946E250CF55BABC515F043DCFA7C521369
:10F5B00051BC1E29B69EA03B2CF52AE11E290CBD8C
:10F5C000BC2BE0F5067AF94C18F0AA7AC342364211
:10F5D00050D8F5732A8B23FEB5FE40AFBF58F676A0
:10F5E0001577BBA193F5B5BADC6BA586960EA9CDB0
:10F5F000EEA8858AD34BD9505B2B15B02A50659F56
:10F60000C25A0FFA8D1A80D1D289F9289C294184D7
:10F610009D4AB8509A575251526AC5743022C82236
:10F620002C03E52515B34BCA58E6CDF3B9D63C56A5
:10F63000419B51F94C2B08CDCDB5A67958AA0E4364
:10F640003D07C334B7ABB2577643378221DE5687C6
:10F65000F3AC44740505AAF215197ABF1A722FE5A6
:10F660007D763AEB5B4E88D1E9B0D5B62F6D733A13
:10F67000ECD7DB8ACB0A0B71049546CCE182B5B09E
:10F68000B6B240880874B10155510E3EA6109DFDDA
:10F690006119965218400BA404B10B52332155C87E
:10F6A000B15776767A03EEB54E5C73A13E227EB9F1
:10F6B0002F08F9973DDEFEB835D2900F47C87DD6AA
:10F6C0006C082A8D9F593E9F1BADD3155470A928F5
:10F6D0008865F09CCA9F38BFBD21252C9F31C37A15
:10F6E0007E3D6AF87CEA7B3F191CB9C54DD0A0105D
:10F6F0008BA4A830E955C272DAACD450876D967DE0
:10F70000EDD01E054056515E887C13D0372AE74263
:10F710003FA712E9976311609A81FCB6BAC26C6484
:10F7200041FF7179BD925BF67A557D5CC01405CDC1
:10F730008EDDB04AAAED916120C8305D4B500D4678
:10F74000F60AE74D77C0EF392B21F1389416FAC944
:10F7500052500E7549EE70080667485AB4285F5D2E
:10F76000B0401FCF8ADF23F7415FAA6E6BABFE323A
:10F77000ABB00224AF0D873867E10B78225E686674
:10F780008FDC19E9668C017A4364C417049111E295
:10F790007CD0D485524B475313ED4FB5FE819C105E
:10F7A0000B873F9C84A6C0985F98CA31BF056AB793
:10F7B000C7E7D2FD1963C7EA3952C8F976A7DC1743
:10F7C000862544F6383B235D5D323227C8A3985323
:10F7D0008574134403ADEF680086C469AF6BB2193A
:10F7E000D6D1BFC78CD3E3C9972A22F9F97A7956C3
:10F7F00098F9FF329FC478BD551480D83DA15DF1C2
:10F80000C98108F088302D47605AC1C6CD875E0196
:10F810004DEB0AB9A0C78710CF1855C600C23AD71A
:10F8200057857F2449CBBFCE5FE3AF7CAA51290225
:10F830000C092E9CCB5D0A9BB4B0CD81298184D468
:10F840007028E2D6BA4A81AF1F1744BB475AB4901A
:10F850004D248DD5C055316EA9509A0E4349F75F9E
:10F8600010E75FC9FA4541CF1943F79C296C227E06
:10F87000BEACB87216669DB518748F8D375858BBDC
:10F880001F23D8EAE4F04182D26A0E619BD3CA609A
:10F890000EC18B084E20389920EE8AD2F8CE08EDA2
:10F8A000C584FB22D84B68E724921FEBF76AB73375
:10F8B000DC1F04AE4C52832EFFD22E7B506993BBCB
:10F8C00015A8C47E933F742E25E6B542C3AF2AD156
:10F8D0007E51BBF803126D69A049223092B161ECF0
:10F8E000AD76E0702416517E6426E2DCB2E4F6CAFE
:10F8F000AE10B41D5BB7784D5619BA5E7E043C2439
:10F900001FF40C18754E36CA55F4070EC81AC37B7F
:10F91000642FB225E063C67785649991131E3A9EE1
:10F920001AF1C9309C607885D187E3A150308CFCF6
:10F930001E554F1AF1FABC019C1FEE7316C4DAB7BC
:10F94000A5A3D9D96AB3B53904E3BCA1AABECE59DF
:10F950001017FBE154F822110B0FA3570D44A0D050
:10F96000A6F96869241C3FAE699E5A8855E66CAEBC
:10F97000BE8E25B7B4A3DDD15EDD52676F6970D648
:10F980002E6D6E6DB2B5DB1CE679ED1CC905A4AB1E
:10F99000AB6EAF2EC172BB03BEA0570ECBB011C56C
:10F9A0006856954468D715CF4760FB5D1B9123C807
:10F9B00047E2760C173F555A2CE5070B69BF5740B5
:10F9C00005358E13188E7C946895986094482D01A7
:10F9D000EC78D01B6086588749482B80295D94EFCE
:10F9E00059C5DA204D10B3F00F0C80ACCC0C212D92
:10F9F0004B102D625ABA2543142D6916F6275D1057
:10FA000033B32CF0470084D6AF813DADC2E9816DA0
:10FA100093AB617209E110A455A3CA9A934F2B13BB
:10FA20006608D6B256E887E1A672B683801D9FCAE3
:10FA3000B9F6A4FE6C7FC9DB5FF6B983FD4ED8FC36
:10FA40003A833023337A2C9B430E3B70886BED1A3C
:10FA50008F77DAD87181D016F1DB8D4702E6F91D78
:10FA600076BA7E1516011C254ED34901C647937DF3
:10FA7000ABBD31E6C3B62A9120DBD21A43B8BD50E4
:10FA800000E8E86167B3C3DE4AFD00760D2CD5F6C9
:10FA9000005B9D9BD56EBB9F35338FBF952F90CE5E
:10FAA0002657D0E46E90C338ADEBFDA9960F2D3BE1
:10FAB0001B59867ED6CC8762358E5C612CBE8E8FBC
:10FAC000DC3178B6E8DBBB6AA9738EF1AF87912D84
:10FAD000681C501B707C35C84B19EA19F18C2D310C
:10FAE000788CC53BD8D61DFAA5BEB2D787023EA4F6
:10FAF00061E356F1F7D736D99D2D2E9FDC1EA8F570
:10FB000079EC38429CBCDED72A8C1D70DA55684EE1
:10FB10001E7F05998BC9C49F8B69EECAD966776928
:10FB2000B9C93DFB6A9FF4379DC32DFE85684D849E
:10FB30006F9CC2F1DAC9D975C9E8AAE85CF2390E3E
:10FB4000A7740826BA56C25F5A6CC6AF26FC7D332E
:10FB5000CDF83EC2BFE330E3F3084E3E4AE7A604C9
:10FB60002FFD36A7BB4ACB27E157134CBF95FB6B44
:10FB70000C481FE13712DC1E884BFF9789CBE9BD8B
:10FB8000DA5C1FAF517D78AE36D3AF99C3DDDAA111
:10FB9000E931A2EBCA35D305678B344F9139C2DD09
:10FBA000774B66BA8703540E728F27BA7B2B395C6A
:10FBB00049E9AFEFE130439BC7886E19C5B7B28200
:10FBC000C30B295C26D195125DFD1473BA9E32EEEB
:10FBD000CE22F7092A47411CDD5B54AE6C721F2010
:10FBE000BAEFE499E91E99C6DD39E49E7724713DA8
:10FBF0005F41E9963EC1E1B11728FE17A99F11BEEA
:10FC0000956001E1477EFE6F6FFCFF6CCFD67F5F92
:10FC1000BBD2DC7F1F4C329E8FE69AFBEF812474AF
:10FC2000FB73CDFDF7B124743F24BA8D3761A787EC
:10FC3000F643E885F645D803FD423CD8789958D17B
:10FC40007FB558F1E747C40AE51E61FEB602717E32
:10FC5000CE33C2FC71CF09B91DBD42EEC49DE2B5E1
:10FC600037E75E3743CC9DF8BE50D1952996DD9C91
:10FC7000BB6CAE5076F33DDF9FBFE35D31F7954B34
:10FC8000C5DDB77D2CE4BE5C2E36DFB2FBB65F0B64
:10FC9000CFDC5C7CCBEE5FEF130ED62C13E6AE6FA1
:10FCA000FDE1FC8B9DC2C1275E1772331F787E7EFB
:10FCB000E60BC2C13FFF483CF8448738DF5A0FF6D5
:10FCC0006148E1DFC4DD1D3E21F7B255E24B10F77C
:10FCD000CF04FB2D3FB939B7E3FB90E28DECF7E1A0
:10FCE0000CA4FA40CCBDBE10A820AF6B8E0AB9CBD5
:10FCF0007E037E154BE057870294F790ABE2BD621E
:10FD0000280BD8F5B78BF65BE65BC1FF6528C5ED20
:10FD10003B595A87B73D245C7BF3EEDBDE17725FFD
:10FD20009901F92DBC65F7CB7385E25B0EFDE89375
:10FD30009FEF1E8A7CA9F88EB23B0E5FD00BA5BA4E
:10FD400052CCDD191576BFFC25F1DA1DB9B7BF29F4
:10FD500034DF52B663F79BFF2E1C5C7A4AAC78EA1C
:10FD60002EF1F08EFF142B7AE78AB3771CDEEE14A7
:10FD70000F6FFF10D2B847CC7D551176DFF6650CBA
:10FD8000F3CA433CCCCBDF15736FEF67BFE76F015E
:10FD9000AA891F8ABBAF2F12765F56251EFC10CB97
:10FDA000F13AF81D3C7A54D8DDB106CAB19F5C1512
:10FDB0005D76F160C40EE57800F27978FB5101D3ED
:10FDC00038FCCDE310C36E3177F957856B77ECEED5
:10FDD000F86708F11F2CEEDC15F3858A6BBAC5B9FC
:10FDE0005BD63D999B3563C743771CDED22DFE6CF5
:10FDF0004FEE2428C57228CDB22F89AB76EC9EF445
:10FE0000A6F0D28E853B729DFF2E542C7D5FAC6890
:10FE10005828CEDFF10E946427FCFEB17838F34DFC
:10FE2000E1A11FEC7ED52BE4EEFC57C8F74AF13771
:10FE30003B725F7D04D27A084AB407EA6403FBFD93
:10FE4000B31FE4EE8472BC5A04A5AE6234AF130D46
:10FE50009461E77EF6BBA2FB7AC83DD8DE19501F3D
:10FE60000FDD31ADFBA13B2CDDF7DF31E5A9B7BBE1
:10FE70000F6F5F2EFEA2376FFA7271FEF606F1ED7C
:10FE8000DEBC820611DFA9FC45775ED10CF1F0CD16
:10FE900087C44DBD8737FF4EF8C20B87BFB953DC0F
:10FEA000D79B57B2533CBC6DAEB8B93B4F9A9B360B
:10FEB000FFE61F8B79D37E9C5614DE1E5EA31C5575
:10FEC0008AD66C5FD3F5D527BF3A7DC3E60D5DBEFC
:10FED0002799AE8A43EFE7AC19DED2DB35E58943DB
:10FEE00087BA0F0F6F597E6CE513874EF9170C6FA9
:10FEF000993177CA33874E2DFDD1F0961F3B563E80
:10FF00007368F945D70E6F393563CA73877A3376CC
:10FF10000F6F796AEBCAE70EBD3F70E5F09643DFDD
:10FF20009BF2D2A157DF5A31BC65E74B79528690DC
:10FF3000372D4358F9D2A68DFDCFC75E06C377C1D2
:10FF4000507E6F4AF5FEC1926DF3B3FE224C7EBC2B
:10FF50007C70C25F4FA5B9234F092BAB8766AC7C81
:10FF6000DC7DB1D5329C23A41FDE66AF66AF407640
:10FF70009FC4FBB5DB072D78A3E2E850CBE68AA14E
:10FF800025E248AB70CDFCF43AF195A1E943238F0B
:10FF9000BD702A373DFDD396EF8A4B8E6E9B7FC195
:10FFA0003661D87A22EDEABDCF33BF8BFF32BC2D4C
:10FFB00027FD70D6FCEA3F1CFBEBE8EEE51E614234
:10FFC000A6F0E9FCCCBF5876777884EF651CBD6D50
:10FFD000EA0F7667650A371FA9094F181AB468F245
:10FFE00051285DD7765BCD1AD4D835D5156815EA7A
:10FFF00012C9DE69EF7D669E1C0FFB8D7B07772F94
:020000042023B7
:100000007F45DC7DFB1CE165E8C99BC5DDAF648AEB
:1000100077A6BF240CBFC27575EDCBCA9D847E79CF
:1000200097FD097AD916312F1361963875E04EF88D
:10003000859AB986273D20ACDA9197FE13216FD2BD
:10004000EF057C6D68382B985634E87EFFA94BF19C
:1000500056C8FCCD4F2D9E36B4B303E5E3872E1F63
:1000600039E1FC70A6306D686AFDC889473F1868A1
:10007000F8A990B7F1A430B0FC87C29D00A7D4EDD9
:100080007E758B90F775FC7527FC1D683829E46D2B
:1000900042FF77843B01AEE4FE03F8EBCE01F4AF00
:1000A00014F306D1FF2AF14E80531A99FF10FEBABD
:1000B0007308FDF774A71DCC4AFF437ADAA8263DE2
:1000C0006A19E0EF244DB9B16870DBC8028F68434C
:1000D0009A2D16F7B8342146F348F79EEE47BAFF3B
:1000E000F83F37EDECFF9D2623B64066B1A5B96118
:1000F000236F1940DD73FFB4AEE4E4CCF199C7F18E
:100100005521FD8DA17746165F3AFDEDD5B11799C2
:10011000A6B88A061F59FAADA70A5C23C1C0F7F337
:100120004AD3D31778F6747FEA004CCF4870E91EA3
:1001300094AE9BB261DB0BBBDCF31C39EF63CA9F4F
:100140002E073FEF4870C7F7F216A4A70FCC48CF91
:10015000B9B1F7C6499FECD8B73AAFE06436CF8D56
:10016000F6F207BEDBDAF656617BFF3303333272F9
:10017000F60F8A7543DFF8E0A981AB3384926D23D3
:1001800027A2278B063BFE886FAA40CF12565F58E6
:100190003438EE8F6987B659267CE572A1F0570393
:1001A0003FCEC93AD8FB89307C2A6BF5C1F71BC416
:1001B0007F39327DC8B273DC73B77A76DEC6EE3330
:1001C000D44E7AC282F27387464EDCF42788E1C4AB
:1001D0004DC78B06673FA1FB5793FF23E033F2AD7A
:1001E000BBF76CF8FE913DEE47D60E413C9B761670
:1001F0000D8A7A4CF2224EF9EE032327DE3C3EF0C4
:10020000A39CAC8AFE878409FD39AB2B14BBE81E86
:10021000972360EC5FFAE367CBF3FEF564F6C08FDB
:10022000D3733ED99D77F7C9EC7D41D4F3647CD379
:100230009B6B16C2B76AA71F9FD7BF7F4BC9B67407
:10024000F77DDB2664649D1E1E4C3F3D61302B6BA9
:10025000382B23DBFD9D2D8268BBFA6EB73547989E
:10026000E2726F9921FE76F5F4A1E1C1ACD3CF1D06
:100270007A1E52721E977F63D65CCFB554170D66F7
:10028000476EAEB76EDEF967D65FD5116163E325C1
:100290001F4C8310176FDCD430E5F16F374C796257
:1002A0005FC3CAC71133EB3F504A48D395CEF52AF6
:1002B0004DFF944BD4DFF0CE02F9DE6D5F87BE8533
:1002C000FA0406DD503F9BB11D8B360F670A96A1DD
:1002D0006F7CF7C870E601CB94D5770D4DB2A5A120
:1002E000BCA36597FBF9C1494BE0B7757FC6C862EF
:1002F000CBD776C2EFE1ED6BD2275D938672EF69C3
:100300003B010E7F63ADC5FD627AFA859E492FB32E
:100310007A7F2FF7F2CB8591C5D3BE7A55DF50E1B6
:1003200084F4F42CAC83E12DE9D9EE29272D282380
:100330002ED6E39BF12307FED4BE7F336A2BB97E12
:1003400068646F5BE3EE6F5C2EB4B1D7E5A126EE77
:100350007963DB5D434B362395B87EFFE08D87F7ED
:10036000455A80EA639BF2337C9D0CE86DBFBFFF6A
:10037000A3A14932CBE772F78055C0583EAEE5BE27
:10038000A1DAA1A2CB0F7D34D435A4F9B4D5709FE6
:100390005F570F15E53FEADED5202E83D8615C9CC0
:1003A000887E779F7C034BC915D83FF4DD43D75532
:1003B000CFCD84D56BD91671F7A42D22CC4013B7BD
:1003C000087FBAE5E51D8F770D6FCE3C91BB7C8B26
:1003D00010D9F19B1DA80D7CD16D28678BD2D4F864
:1003E000A25FF9D04EA835E87FFF8AB334BEDE386D
:1003F000EDF47DDBE76C7B7870E4D68F85ABDF7D39
:10040000BC0B358D140D8E6C2C17631A200F415ABE
:10041000B99386589CD5DDB91D4378F3E644FFCDEA
:10042000AB6ECE93EE11BEC5DE03983614FF22C02C
:10043000CE7731A577972F1B1AB975DA578B0673CC
:100440003E78BC6B097B9F6F44F8F5DC971A3E3809
:10045000C4296CCB90C2D25F3478498C62B1055FFD
:1004600051B3AC3AB43383E57705D2FC62BD29962B
:10047000138F5FFA78C3B5876E6CB71F2A5B37EDB1
:1004800093E97F5EF2A7963FB67DB0ECDDEB7FFF90
:10049000C6A76F9F7EEFE487273E3A3E675BE6671D
:1004A0005C73DEC881DF7B8A0627ADC55EF18D896E
:1004B000C3178896490BE0F7854D0F0C5BC5B4E177
:1004C0000B1F17278CFBBA6578DCD745B1D07D03AD
:1004D0006A0073679E145E5E9E61735F76F2A24946
:1004E0004A1ACA3BE776DC8D5A5B60CC1DB8B6A2CF
:1004F000E89DEB31E7E17DDD459B5F1F5A04BFF7C7
:10050000F9A77E70C366E67FE2DFDF754FCAB86881
:1005100053A4135AF4BEAB5ED93CA92B0DE59AA7A0
:10052000F2D03F898C7BA666F9B71ADC134F59A627
:10053000547FFF08EF254312F48FA9FCF713D2C8AC
:10054000635F7A935357AF281ABCFFD07B9BD75079
:10055000DC81B7ABDFB5ACF76F798569C91A397142
:10056000E5DB0BDF7DBB2154EFBEF22FE9FB225808
:100570005721B1F9773CCFCF5CB66F48ACC758CAAA
:100580000A6066A9676BE5817533F66F9E06A1293F
:10059000DD2BA03F5E21DA3E0C2E09EF0F5BFB3F07
:1005A0005496ACD9BFC6BAF6BDAFD66FB86B43E6AA
:1005B0008DEFF90A516F3D8FEF12DBA3FCD73D970A
:1005C000AE3AC47F6D1BB78E701F58ED8FF6AFAB80
:1005D00014AC9BF95AB9E458D1E0BD832327467E79
:1005E000F54FCF89F5782308CA7E65D1367D7C7DAD
:1005F00071FFE6259B77CAD8CA3F8AF2DCE48B23D9
:100600007BBF7D89F63A12D76CB6AFCBD2C5C7DDBA
:100610004DBF7FF7D0AA753B231862E8DDE99FE262
:100620009D9CD88D9CFD83238F3D2EBAAFCFB08C7F
:100630003C36B5B26833A7CBF8038F39E312A8DF95
:100640000BC484B7408A06EFA2DAC8BF73646F0791
:100650009967C95C4AFB868D4F933C10C1ABE85C3F
:100660006102F9DF4DF807091E1FE6FE5F20FF1744
:1006700009FF1AC1A3744E7099B69F25FC6982D2F6
:1006800000F79FA8EDB39F21792D82DB83DC7F9259
:10069000766E42F84682F7D139C2E5E4DF43F820AE
:1006A000C1CEDBB8BF2695B495F0B712ECDAC8FD21
:1006B00073B5F211FE00C1D04DDC7F8A563EC2BF39
:1006C00046702595FF9FB4F211FE34C1CC59DC5F12
:1006D000AA0DF87C2EBF073FC3FB5CFD92DB1551D2
:1006E0006529180A747AF1737930A072E19C126B53
:1006F000AB577681173B7B57C292ABDBA5F825A59C
:100700004BEA0F44248FDC850785B2B75FEA75F9A1
:10071000C3F8354DEE93DD11FC26156687E0D18BCD
:10072000A342F4D923CF1E59F06C74343A3A127DA7
:1007300033FABBE87F46FFF3D1E84DD1DE533F1BD0
:10074000899E889EB8F8D367173C5BF1EC0BD1917A
:10075000E847D1CFA29FBD197D347A387A2A7AEA48
:10076000A6AFBE1185E02869178D42A7A8408B7FF0
:1007700000F5115AFCF33BB4F8E7305AFCD38BB6C2
:1007800037DA7BF877E8FFF745108C7DB8134C72A9
:100790003FEC335D4CF0476A0DC941F635022BC181
:1007A0001D08F64B5DA1804FC2EFE48040F907764B
:1007B000D21D748403212D320CD7811F74A109FC32
:1007C000119717AA113FD0423C61851D37B363755D
:1007D000DE5E0DADEDCE7A7063761CB21B626127D2
:1007E0008A05857426AD7DD7640257AD7A0CFC1B53
:1007F0008A2BCCA3E2DF2CF4F87432BBA73DD05493
:1008000053CD3F10EB514AC55284E58E844BF4C062
:1008100063BFF73361352EC7D5033FE5905490EFA2
:10082000E1C7FC859A48170F37E6E0D55C02A88936
:100830006EC5CDBE68E247BCF5AAA47DD9E6884066
:100840008841737CEC3075991C52BAFA9B31B821FF
:100850004A83FC1936050A7408D4FF834C102DF620
:1008600039028A51DA97EFA5FAC626D49BBE3D001D
:100870000DE834E674319DAF6CE88D3BE7247CC114
:1008800040DC3927E14395667C90F052A9F9DC649D
:1008900023E1BFBDD54C7F2BE1FD1BCDF8BD84DF2F
:1008A000D769C63F46F8ED3799F1AF11FE8D1BCDE4
:1008B000F8D35A7E5C66FC643A67934ACC78ED5C68
:1008C000E8F4B3947F3AB71D4FB0806029C179CF67
:1008D00099CB99ECDC7943EEB99D3B2F291A836FB4
:1008E00025114F0E2D04D30866C4BE730AFC009474
:1008F000BBB3086613B412BC208EFE42728F2378FD
:1009000031C1F1042F89A3BF94DC5F207819C1891C
:10091000042799E92D2C2AFEAD75C2399C47BFB733
:10092000D65C4F8B939CA7DE3B35EE3C79BE39DC21
:1009300049BFF9BCEF3DC97CAEA7D1A7C7B933E227
:10094000DCDA79B2F43DC1746EACF967C7B973E211
:10095000DCD638F70571EE0BC93D6519271D17E781
:10096000BE288EFEE238F77872FFF59FB9FB12724F
:10097000DFE2A0EF0871F45A1B1CA5736B093F0A54
:100980003229BB39C1850BF90FAFD73C51E958FC6F
:10099000FEDCEB09746B7216922F000B4680AD12D1
:1009A00014EF0AFC985FB64A62B09C6005C1CA5554
:1009B000B1790EDC12FBF287920FFE6E59932B5B1E
:1009C00091AFAE42E80D04826C320B07026BF90F57
:1009D000C5BD1656F7029FABCFE0E6622242811BEF
:1009E000C597FE59F24BC56585D202C98D52558611
:1009F000EFD13E4575CF723BD570A45365F24A8C5A
:100A0000C01800C21BE389F89C7C1A3D437CB86E79
:100A1000C67DF0D4245C62F1C747C4D3B1E2ECDDFB
:100A20001156BC4AB8DF2A9597489A009A545C2C14
:100A300029DAB7663EC97B98A0A155AA2891BEDCE9
:100A4000BCB4CED62CB5C96E1970481BA29F06C186
:100A50000AA90B2675AB349B47CA059280920957A9
:100A60008DA1C3650205F8EA646C51AB34A744BAA2
:100A700036C2B3B10EE1B58E56BB9E51ABE4E082F7
:100A8000702E2C170A7C6B0DBA9AE6D3F4F1C222B1
:100A90006D5C6963F172C3EF7D71F3609F164E1058
:100AA000CF2BDCAD7F637A07F4F4C6CF3B9F702F6A
:100AB00052B82F4882649C37E225F1B570DA3C7257
:100AC0008CC25D65089773652C5CF4CAC4E1842709
:100AD000B9FBC479A63799C2095313878B7E297154
:100AE000B8020A974DE132E2C25D9924BDC514EE09
:100AF000C2F30C771D851B7F9EE18214EE0BE71974
:100B00006E2B859B7C9EE1F652B829E719EE410ACF
:100B1000279D67B817295C63927051EA30F1E14E66
:100B200050B82643BB676519C265254E2FFB29EED9
:100B30006E4FD25F2CC9FA19855B799EF92C7D4ADC
:100B40001B7FD97313A57751B27EA68713E7C5A77C
:100B500077F919C6C36A3D9CE5BCC26DD4C3A59F95
:100B600057B8BDB1F29D57B8C7F470D279857B4BA9
:100B70000FB7F8BCC2094F6BE1369E573889C26582
:100B80008BFCFED4D876E7267EFE5C4CE11ACF3390
:100B9000DC6A0AD7739EE1481E1296C76020844C17
:100BA0008CE3CB8E765839EBABED4D1D6D36AB310A
:100BB0003CF05457A6600AFE57C0B3ED7FD6C4F38D
:100BC0002B49F6893D44878C70BE8AFF38FF7CAB89
:100BD00085CBC79E8892BC90C0DD2F125C2C923BC7
:100BE00093C3EC0C0E0F107E573AC9DF127E23C55B
:100BF0002351BC7D84170D79140C3715D30CB71015
:100C0000D369BC66D03E2A93F64F59B46FCAA6FD8D
:100C1000D005B40FBA90F63FE312F039DABE4D1B9F
:100C2000FF5942CAA44CCAA44CCAA44CCAFC7719A6
:100C300092D32E2F9B6B92DB2E2F2B35BB4B2BCCC5
:100C400072DE57CFE1EE74C64820E720B22D2BAEFE
:100C5000EF8CE310912B4863BEB8F6E7646824314B
:100C60005F8BA8E12C315F24CEC8D07E89195AF45D
:100C7000598C18598E0CFD572C2A51CF465A86B6DE
:100C8000EB6511A4E911304E84FF620C0D0B81C796
:100C9000BD22F23562969EDD6C1D9733368D587CF1
:100CA0008CA3B1E839E5CE743D7F4CFD43A616A96F
:100CB00025165FCC57FF95966DF2CD48E69B340420
:100CC000C7258839169FA11C7A35A59BAB84F16690
:100CD000B11A4FD76B2361EE33F5BA12CD15C69218
:100CE000CC34FFCA363B13D0897A5DB1A630A496C6
:100CF00028AA5861D2C6761F5EAC38A7DE9B62C5B3
:100D00004ACBD262B664E9316799D2B5E81D24C3F3
:100D10005C4A8B680E9193A008D9268F8411242BEE
:100D20006AF28462254F37B596288C6D464383A6B8
:100D300025C85A2CA1B82E9FB422B2CCE5C8D6F251
:100D400067C93E7B1DE861E3BAC0DF50E834D310C9
:100D500017D3CD5D397D6CCF4E8B2B2A1BC999A63D
:100D6000FE1C970D4BA23C8BE7514A430DE59C7747
:100D7000A7B6E845C8303B13F4F1B404C3CFD0A004
:100D8000D9672F25FE4ACF19DB232C67EC2FB1B092
:100D9000711D3D2EAAB473E8E8B1F8F43AC8104CBE
:100DA0007D3CD1549596ACD3A425EB5789E69C584D
:100DB000584BAC9498DDF44CCDE3BC6629FE2B6E09
:100DC000D510CC5395BE60180671BADEA985244BA8
:100DD0001BF34D8FAD6F9664EB5BDC0A1B5B52D34C
:100DE00035928C04CB716CB1BEC0BC8A275CE3CD5C
:100DF000618599C44F1411D42E0C17D08F7E995F42
:100E000005F407E87C8F1941A80BF85C8A3FDF23C3
:100E1000E1C534FDC62ADE7EE5171A757F263881C6
:100E2000572D357F8FD91FBD5443784A3F5FCDF78B
:100E3000A0AE1E9D0E6FFC06FCF9A5E51E8D923E30
:100E40008FF6156B3F306CBEBB998777DB09B61107
:100E50005C4EF03AC1947E8BDC1796AA3D1EBCF91D
:100E60006D8C954E7FE2E842DD6571A927A46B0E7B
:100E7000786473799A8B7D80B30A0E821D1AE4CA56
:100E800039F4B3263D1E47BFDA26A3B48CB95E37CA
:100E9000DE246C148260CF6216239D57D8588AB026
:100EA0002746BF352637B131CECDBE69DF1A733F35
:100EB0002698DD4C166E6FCCFDA260760B93F13C4C
:100EC0002B4E2EE3C1E7129FA32593D7B8B454301D
:100ED0009DC3B526A1FBC5DD8249CEE0E92474AFF0
:100EE000AFE3744126235427ABEE247A13D845D7B9
:100EF000596675066E4108C93EAEE409F51FB82370
:100F0000A190EC0F73A51978C5D8DD13F1AF75A2C8
:100F10008E0A2DBD6E6FA0D3E5B527D5AE154B8FCC
:100F20005F90D5E0584D0D67AE27EB77CDF5D4989F
:100F300084EEA252733D25ABCFF144A7902E161438
:100F40004B636EC8B6C0BEBF6B1207F43D3024338E
:100F5000124F8053A2E09657F1EBF510748554D9E7
:100F60008088A89D1E9FEA1622505AA7CAEAD183FC
:100F7000F561A7F8DB519716C0369969D5128C3701
:100F80008ED1DF214325B536EB322E9ADB7C3B57E1
:100F900010AE974301A33E993A185CDE80CBA3B90B
:100FA000494B8F4E826A1B10DA42A1005E016E8EA1
:100FB0002B675CF3083DB2CB1BEE81DAD031DC74D9
:100FC000CA11132600E9A89D8A8E43F55E467FA3C9
:100FD000388756DF9ABB201253DD30065F91045FDD
:100FE0009E045FC6F178CD3E18F07AE3B26DD6DF8D
:100FF00021F0FBC9F6C65ABD7EF0BE33BF71CF519A
:10100000E8DF14E8D6EB98DDC76E6E751ADD3501A2
:1010100057C8430874A38EAE1A97DF8FEDCDC51D58
:101020009C5C1F9D93EBA3731A1ACC78CFDD2177BC
:101030009FE5FE7BEC7E3C579487C27BA87AC989EA
:101040000AF38CD1C6F2D5E40ACB060F576760BD10
:101050002C857B60FAEF09783D82BC2EE2F24AE1F2
:101060008016CE0FAB9711675FEAA8AD71B6363523
:10107000399B1D8E2A84B5ED6D4D463CE43221DE50
:10108000D1D06CB71B7CB8D1FDAB82D038FE5E6787
:10109000A999C4F165479BADA1AA66E9D276277EDE
:1010A0004373D6B619F175B665F65A9BD3D15EDD9A
:1010B000DEE130E09B5B3B9CCBEC4B9BAADBED4B3A
:1010C0005B9C8E360D6FABABAE45A7C95DDBD28E98
:1010D000A294C678753C94A63611BEB9BAB6340946
:1010E000BE2C11BEC3519330FEDAEA96D224786347
:1010F0003CCDD5F696765B4B750B14167EB1221857
:10110000E36315CC2A81BCB4707687A9BC75F174F1
:10111000ACFE6BEB1BAAA80ACDEDA1CAF1ED31C65E
:10112000BFEC4CFEFEB384F79F2D7CEF99FDD5DE1E
:10113000B3E46F4CF8A6F22A3E66AA6CB5B5754AC0
:10114000A85EE963DAA3B4FE68F677855D7104638F
:10115000FD5D8AD7405063EB6090E92F926A22AA26
:10116000C46656A90345AC681161E3D156DDD4DEEF
:10117000D8BCB485E2E5F47C7635D2399A8DFE5C34
:10118000BF10E99F54697E32F8C32837E808417CD4
:101190006D5B6D05EA3474BBBCEE889789BD214652
:1011A0000AA00A399FEC0B8450D115B296344FD85F
:1011B000AEABEB8065C6A3A841AFAB5F2371A9902E
:1011C000B73EC913F105691D69B5B5C03A42E96A70
:1011D000BADF545DD586C3D6C0F345F1A872374B4C
:1011E0000775BEA9AC1EB9D242CDDF5BCE3410A2CA
:1011F000DC36CA42EBFA375A6D6DF5D0783A1DD716
:101200002D85F5CDE3595EB7B4C1984E2FAA298438
:10121000B58565055253DC3C2A7B4BFD52239D026C
:1012200013A404935F242C1157E3EDD733287B0CD0
:101230000A35A9DDED8E76845E8504FA63D2E52A4F
:101240002F6F93ADB61DF91B2EA706AC0FCCAB6666
:1012500042A4437D166E6F6C5DE482754CFF882658
:101260006417E1426F2820E7A1D55B72F9492A9CF7
:10127000CBC097083821627C4C66AE9D2BC990F09C
:101280001E02D75AC665C9BBA1C54394895000B890
:101290002E55D7D3D96673D8DA19BF813CB6AEBC08
:1012A00010351796F07ED0C4788D3AAA2F375D732B
:1012B000502300A143CCD2313DB237C8AA9314B415
:1012C000F22496D9DA1C30F5EAE155A63F50570DC5
:1012D0003886BEA3B5DDDE6C8BA5170986159F3C4D
:1012E00096AECE56D3D160C817EF7F63C884665BD5
:1012F00073BB0D9AAC3EE2E5AA1BA9238765355C5A
:10130000C2F827D64EAC6E50632A8A1B22DE460BEB
:1013100041BCBF0CF844E1B866BE599AB7C0DDC9FC
:10132000E84A84D6EA2F372DADAE1BE31F74F56370
:101330004397C4F8BBB8F03C7B02CC3ABC1E602497
:101340004AE060FD1C9A15B799C8B4C128647AB404
:10135000B4151EDCC8E2D50742B5B0BC6B5C2DEB02
:101360006FC8D523DFC946743D4C655EE213908794
:1013700084D65035BE81F19A30A7DA6B8D6E98DB3A
:10138000D8D4D6A1F3451C0F4B2FCE3B389A81EB16
:101390006C09F88BDDF41B4DCC2D2DAFAD617C2F8E
:1013A000E3BBB089D8B68214D15869E32841A46C54
:1013B0008F4D3B40A949F677877B48FF14BF71C02A
:1013C000F4562D737915E3B0959073890D688DE906
:1013D000EF40CD3555D61C46488375813E429DEC85
:1013E00076C722AB95CF9B06FDB25A3877C80DB3AE
:1013F0006769DF02C6183B5DC0D72E42A797656BB1
:1014000091AEB04A8D74F2FA8F044910285FA5118D
:10141000C394544A2484DCCCE7722A62B3AB4FB243
:10142000F5C96E09F5FAC018E3345552930B669D61
:101430003AD91B76693EB57CD2E214185F7ED9D5C5
:10144000B84B96CA2AA05A66B15DB3540E3F196EC6
:10145000B6096765F3AF947001444583B375AD5C1D
:10146000463A5CE722018D90F063164803DEB43003
:1014700092002F4A6CE310C305853701D3C615BB14
:10148000DA2235F22530B60F9158242ACEFC523894
:10149000A4747733E9DF4ED91BE835F0ADF9AAB46F
:1014A00070115EC2C21643BE75968BCE510C786920
:1014B000C1C24544E066C2DF309F297E48DE8BF51D
:1014C0008B5B389D5E88D5C79C524DA999A11FC0E2
:1014D0006A888BE1597B82A1DC345560E90BBA5CE8
:1014E0005E6FA7CBBDB6305945902AE6A9BA3E46F5
:1014F000AE38547707DB036B65BF613F4D0B8B063E
:1015000035FD989A3C5A55159370D7F7BEAD7CBE01
:10151000110AFC304116B272CE63FA9DA502FE0B91
:10152000A5DC555454CB0F5E8C67302C3F1D3441E5
:1015300093FC8FC7C5EF03F54031D87E59F1479032
:1015400015E09A06619D727046654C7D24A90022C3
:1015500017D83056F541A4C0CAD60369326DAC4CD9
:10156000951DF00C30F7945863038DC5E693B18553
:1015700015D5472A61B58258CD7A59A12DB8525553
:10158000C91171E302A915D01A7F2F8B4BBB977439
:101590002A24BECE6F74D1925D80FC6531BBA1E67A
:1015A000764187F216EAEDE673F529BE880FD7E596
:1015B0009022E3ED06B72C7B62F7CCDA69A38FCCDF
:1015C00008669FF0562BC9DA7B0C37ABD84D38BC78
:1015D0008AC0793845E50A89AF83D4AC9493983AA8
:1015E0004E2DCB2CB72A2F5D1734763FEB9971E542
:1015F000EB8211D0A305F1481E18BF4C1933BF79F7
:1016000086F5D61A0A74875C3E9FB9DA0426D86834
:10161000AB33F40B7EA0A7B3075CFF27575717C661
:101620003ECB6F4EE0516204153353AF6A35AB4881
:101630009791BF9380A79929D91CAC5ED5B54A1064
:10164000E739E473F82C8F2421E013A430D76DC957
:10165000DBB91DEF5722F7C2141E32762DD0A5E557
:1016600026D67F7357D412ACD3A084BF172D92CE49
:10167000E9FCE9C42CF3F9534F12BA4706CCE74F03
:10168000C12474BFDD2098EE09F5119D7536C7B7EA
:10169000567038BE4730DD1FDA9A24BEF221C124CD
:1016A0003FBB2B09DD87540EEDBED1DE2474C78805
:1016B000EE7498F445D1BB01C7EEA77B6B04B31F52
:1016C00020797782E3B7921C1FC152828B09366A58
:1016D000EF113C6F4EF700E9137B9060CF76737D7E
:1016E0001F23FC0982C707CDF55CF02B4A8FE06011
:1016F000C85CBF8D846F25F8E16D71F54AF85B0910
:10170000DEFB75737D3E48F8C7084EDE65AEC7B791
:10171000087F8C60FB66F33DAE6CBAE7379EE04510
:101720003B05D3BDAE5D2FD1BD3FF2DF40FD40BBD9
:10173000E7B598F08D04AFA0FAD1EE79CD23B9FCCE
:10174000D5E4FFEC36C1742F6C23E1B712BC81FCE9
:10175000B57B617B097F3741EF6CF33DB1A7297FF2
:101760004F93FF4AF2D7EE85BD45F863044F52F917
:10177000D93A62B84C6AD872B1995FEAC04F253243
:101780003296E774BF71CFAC733B2F6F9A65EE1F33
:10179000C9EE416613DDCAD747A35D604360B782D7
:1017A000ED03FB35B09BC056BE311A7D1EEC3B608D
:1017B000FBC07682BD17ECAD608B3E1C8D8E7E30FB
:1017C0001AFD22C0FA7746A305006F00EB013BE546
:1017D00093D1E8FACF46A3B703F4002CF94F0E11CA
:1017E00077F4D3189C383A1A9D09B60A6C2BD86541
:1017F00060B7837D1EEC69B0574547A37F2D8F46A8
:10180000C75744A377815D32271A5D3C371AFDEB39
:10181000EC6814CF5C65D4716C565329F0FD973396
:101820001074073CA87C55A5FD3EA3F7B19301A712
:101830005B0D31CDDD89F0EC1217E1C3B06770CAE2
:10184000FCC05875E17AFA15D9E9611F6E042D0EB6
:10185000A73FE2D3E2E15E4EADA985783C1ED902F6
:10186000FB8457DAF4A308F4EF517DCE1E765E1E9A
:101870000E0485587E63F8881AE46AFE05546F4F9B
:1018800011AA4E2576BE39E521BAE71F07EB93E092
:10189000FF5F83C70F9FD91FF5AE5649095A2176BE
:1018A0003B1DD7499DB39BE50E4654769EC4CEA9F9
:1018B0007585C2806610826BDF05C2481858CB1947
:1018C000BF00E9F7F4F922C5312DC4ECBC051F9B1C
:1018D000D0BF3F30A5FC335D7817D0E0567C2A1D81
:1018E000D4A84A17702033D1BFB8ACA4B4A4D41480
:1018F0000ED11CA3AFFE6AB1A6A89BE71FF8086033
:1019000089654F31DFF0EBE9C6A143C8FE438A7910
:10191000F8F1AA98A9486774792EFE295443F9F082
:101920003325549ABA3EDFB338BF6F667E9F564E5A
:10193000135EF0078A7DB893C6E94D63816A1D6D19
:10194000527E5E1FED4390D1417D10AA828F6FB011
:101950002FC23E97BA16B938FC1C6715CE42D70382
:101960008CB2E25FCFB6B9D8FBF99764A2E7E34641
:101970008D45467863204E2375BA547921BBA02F3C
:1019800005421E39B4103933E0FFBAD585B16BFB7F
:101990005A784F00D84E64C17B5C8C950CF9D86B9B
:1019A000163C2A6B8C0E98FC2E689BB0D429877B42
:1019B00065D9AF67A8E06CC915B253ABB39399EB87
:1019C000C78F5F993BF999071E81C04A420DC775C1
:1019D0000F201B3E23AC29D1A07A6A01A638001C37
:1019E000B4B1C38FFD4E6FAFE36AB11913ADBFE75A
:1019F00083E115D5C98BE5D48BEB668AF16920515B
:101A0000CAE487AC3E1E404206E3EA95CD99FD3C10
:101A1000AC6A1E8552019B57215DADC02718C7B225
:101A2000D1D6D656457B4209A743DE0556E4475634
:101A3000C5E26534EDB021627E0AB6BCDEF8FCE496
:101A400038468F73784C41383D4681E3CAEB95BBED
:101A50005D5EA3FAF64464B0BF5321DE6E7C1E8146
:101A60001D50C6D318FC21BB21399E20E2E7080F88
:101A70007B50C01BE3E685587DDB29EF5A95B03AD1
:101A80008286A77ED215F1BBF52E8BF4586CAE6B17
:101A90007A6C351AFD7D4C49CB425D6CC217867459
:101AA000169A051A4CF4E85F6EA4C7DA310730D1F4
:101AB000CB41B7819A4F9571F1ABB4A0855C63F3CC
:101AC000971F2336FE6601C314AE9BA04A0F19A9C7
:101AD0003451BAC8EDD2DCF470918B1E3672CD262B
:101AE0005849702EC139140FD1AB44AF12BD4AF41E
:101AF0002AD1AB1AFDD504E769F92923C83310A60A
:101B0000FC84293F618A3F4CF18729FE30C51F9E26
:101B100073C6FA88BDDBA3EAC3019F9E60BB5B6D01
:101B2000C2258D314CC2C4488FF1291E8C511B1522
:101B3000C8AD00A3B2503FE613B4343994C2DE4EB0
:101B400098F5BA60830C3B67A4B80F78ADE7C10A7B
:101B500073390CC659C4F53446A37BC1EE07FB307C
:101B6000D85F80BDC1CEDFB9BBFB33DAD7107C8C28
:101B7000E0D3045F23782BC15D04F7126C74F54C3D
:101B8000B57B02FE708B2C7B6CF5767BBDCD23CBB9
:101B90002D61A687869D81C238D7F5D1D8FCECD0BF
:101BA000C1A07045FBFCD365D08E23732A4D59CC60
:101BB000CC31DA62ACDAF9AA0B31909241310E25C0
:101BC000A19DDB603650258D290BFD35FD5CC94E8E
:101BD000B021189E194B9921674AD38366EA427E49
:101BE0008EC01EA9C2B309051688A041134F486ACA
:101BF000E880591A73569C5F5AA9FF3176104378D2
:101C0000A653878BAC60D8A69A6AA94CEF4750853B
:101C1000522BCCFAFAF905968E54EF848007E25FD6
:101C20002B9268D1B19AE9F5539964C45AFCF4C572
:101C3000896505C961A93351E37B0848C74E167110
:101C400001414268325728E4EA4FDE7609A2896FE3
:101C5000B7469ED39826A138B54C82B49ED3C7947C
:101C6000F4B34A63A7882C3EC3032C46CE254938DB
:101C7000F60856A712661C0C8E31E3DE0F03CF94D4
:101C800060910868AF4F08267F5261C4C76A1C2163
:101C9000A7E327FDF805CBCFCECFA7E5ABD38CF1DB
:101CA000707FCA0F340FA4AF024710C2E537188007
:101CB00055BA5F7B8C0FEB6769FB5268F375115463
:101CC000A0C1A6107E76CAD3D3DE39D10882A14046
:101CD0008F0225C303472D326B827763E21E96D0B5
:101CE000CF6BBB03E100FB63967CD244F14C2AC06E
:101CF000A06D83D6B8F335B6C6E328E0E7D2A5F8E1
:101D0000304859BCDE1198DEF0F39C1CD2C5AAF80D
:101D1000430CF4080EAAFC30D5BEA0C9E309C5C522
:101D2000C55C6E89DC63CACF2A88CE6C61A24C5236
:101D30001DFCDD1685BDDB525A28D14B2DE036BD8A
:101D400000C4367390A16E395448729756ED93F2E1
:101D50007AFE8A983E3E25C90926D113394EE6A15E
:101D6000FF715A256916FC92568E259DC52836406E
:101D7000186925C6E5DC609536C03FFC83A1796C07
:101D800012FBB9412A7032B0C159286D0010239559
:101D90006660ECB33016FE732552AE64F12E9034BB
:101DA000524C884263B4B324EE0453688815B38B55
:101DB000C19DB336482548858E0D18D4C96801CF1A
:101DC000FEB2DF1031199688F61BF056C37AA7844D
:101DD000D6B197DC94D85B9463182346175492D2FB
:101DE000A03F2E8267F4577CD0CFCF940A4F27E8CC
:101DF0007585F13BAD64DCA7C7F6A1A640481F3B43
:101E0000CBE6EF0076EAA2B4F949F965533AB0722D
:101E100030D6F20C196BD5688D72BCCCF083699FFB
:101E2000EC918123867867923C1417E9D3C3D5CB14
:101E3000C0DDC1888D0BA7FBB3FCF207CA74FF8815
:101E4000C11FC535B85058E2F0EDAC720D148CBF0F
:101E50005D8CB37DE3570C74DA3B753A657C3E1CB0
:101E6000CD674CA7B5B9E38CFE6D4CDED14012E7CF
:101E7000EFE88984515C41A7E0FEF5DA96B106955A
:101E80001F9AEBD7B02D8AD13950FB505C3B78A418
:101E90006BB477CFDAA022F1BB134E0D24EC66A011
:101EA0008BCD14366DCFD0CD054AA466BBA35ABAEC
:101EB000AEC9D6C2096262D93087C6A717B11AFC6B
:101EC000F90E31BE5FC4FC5B43CA7A6356B8BFF1FA
:101ED0001C00F74225CDD735C162ED0E7898B23C93
:101EE000FD3C24160FAB20CC649274D0CB866B8B58
:101EF000CA36D663F3D1DC1ADFCF3CF1FE0D219751
:101F00001F654270FDAB32E92134D3698B508D12CD
:101F100056E3E3696E6C6D3626C4FDF5EA19139F2E
:101F200036FE9BED75B6265B439CEC38E06D89F080
:101F3000EC9C0F063D320E4E14DA602E5A3D66E2DE
:101F40000C52BC483B24615EF4306DB8470979906F
:101F50003DEA9F4522A8B3BC4AE72C8418A5AE6889
:101F6000F22CF14F6709B854956D610D096036F98F
:101F7000F4C56717ECADC9E62F760E7B96795191C3
:101F80007DAE2ECF3AB7B7734D38B8DEDFB336101B
:101F9000EAEDEBFF4AB7BEDE99BE5742DBD0B9454A
:101FA0004853FB58EF6F0D1B980CF33B78DD41ED68
:101FB0003DDD33F3C3C83A169899CA7E44EAD91472
:101FC00016B09C1747FCC868791609411240D0E446
:101FD00017B40C687826973056DC7CAC7FF122FD74
:101FE000D13CB7C14B97A346D18744C4C8B7192881
:101FF0007152A46FDC52F1A2D8B76E1C7B4E35AC87
:102000000B34C316D1598BEF9DF1E797F4FD0A67A6
:102010008C511E2A7EEF62F7870335FC09403EFF94
:10202000B054A9DC02AA12D5E9619BE371C6E46D44
:1020300091A18C7B164A48A27ED4781EAEF5ABB136
:10204000E7DD3026F1E934C333B809FD5197ACDA46
:10205000C3FDF5B37B3A9067EF51B963A240DAA0B4
:10206000D0EA5B97DBE60FFEE24B55113C6AF03A93
:10207000F9D07022C3CAFD62F2D65FC1277779CC4E
:102080007821407552D525F58F7D9B60FE9A98DBAF
:10209000D8E089FD0D9F3698BF96699684213096C9
:1020A0003FE04361754616F7545D7FE2F0E6EF26A8
:1020B00009E3EF8B97AB069A36FE98776D20249B49
:1020C000F03064995C541BE79BB570A6EF15D0F314
:1020D000E8549ED5B2EEEF7385D6F296757145B988
:1020E000B1737453783D34CB2D8B02D975A49367AB
:1020F000EBFB06772084EF8CB169808D6676948A3D
:102100003C3DCD4A5E98055C61BED7209F1A5B8737
:10211000C4F647405A391BE61E4DBF8BAE2789F4E3
:10212000BB58F44B3116D377564DEF4B7A6CFF51B9
:10213000850FC2B9FC6EC5EB55509490091BE8FAA7
:1021400075E92886D1E1035F419CF758BB43C6245B
:102150004F844D61DAF90DEC6C6080B305D16A886B
:102160003F6938E847B050234FAC310A8CBE950B1D
:1021700047628898009971374974D6A2BFDF588B9F
:10218000A4E5D56D2DF69606FA0ECA39956289DD5D
:10219000F860D308C964E0EBA109DF022DFA5CF214
:1021A000612897C4C5EB9BAA1B9C8E6BECAD4E12AD
:1021B000EEE58D62A8A79C9640E26FB756EE4FEF12
:1021C0000BB2675467C69D14E4076732190ED62E0A
:1021D0006CF3AB8D28D6E15878ED915257177B8F71
:1021E00014BA234C5CFC4968AD7D63EF38EA4F18A4
:1021F00056E3E2422714A64D033E094E631ED20E5B
:1022000048F814A57E7E60FA94C25795FCB8B30EC8
:10221000BDDCC8A357D75E239D43FE700AF686290E
:102220001CE5492FA8413FB396BCF6D582B5BE3711
:10223000F6B22E3E0909AE4E2FAD6FB3801A184488
:10224000835C9A8AFF0526D686FB6CFC01CBB5BE63
:10225000BDD61EA1C42A7218F8028D2B8ABBA0A37A
:102260001D10B07905169464F7EA26DEC3BF2BCEA5
:10227000B94B48F8FDDC023303CE05B177C4E31F48
:10228000463F37FD0EDA7CC2E42DA080274E99BF71
:10229000D7F75C6831B98BF6F3FC7CED1233DD17B0
:1022A000EF499C4FCDBC232496031028BE9EB8F066
:1022B0006B2C66FA2BC87FFC4FCD7457D07DB2D6FD
:1022C0003BCF9CFE7F97B923CEADE9B34BE5279575
:1022D0009F7331FAB9DE198EF5F85C82EC0B13AB03
:1022E0002E573C85FA7BCC63E623EDD046DBAFE08E
:1022F000FCD9460B0C2E19B4E9C23599A7C6BF8A82
:10230000D3B427188E1057E85C90E25955C2967CDA
:1023100072E1BEC1E0C9BEC35849EF1CC1C9177004
:10232000D848B08FE0DD045F23984DF3CF3C826C3A
:102330002AF507F17A5E9776BCDAAB847BD8DE4764
:1023400082452318C1658615053F786B187ADE1D16
:102350003FB12397ACCF1576C3F7577E33069F6FF7
:102360006E6F96C6707144DF6E6F9622261E0F6FD9
:1023700007E8144DF89116A2E01F63DB611D6A5255
:102380008035EA8CA8C658040125B729C1A471C5B7
:10239000D19D215541585F56C2BE04222C23889FEF
:1023A000FE54D51DE80AFABAB4F8C2F490AD0AADED
:1023B000EC6290ADC9B25FEB2F6A989F8FB35769FB
:1023C000A1723506DB6E7C2CA1B6AD562AC80F165D
:1023D0002FCA0F165649FA9D27CF19BEC8888228E2
:1023E000A2AA028096B474A1B4A4B2A4B4BC5260F0
:1023F0008FA833B950AE5088ABDB4677D9FC8A3210
:102400001FC08A0A1FF9733AC057FA382C67FEE5D5
:102410003E0D0F945FA472A4D33D72E48F1B5A3A11
:10242000846F36CD9AF9C33B36CD79B1FFB4EF470F
:10243000EFBCFDC8F1AD0B26FC5D03538C01D93018
:102440004F68FADB5B8FA07685ECD87B001A9F4E35
:10245000F6260DBF8EE434FF862C607ADAFADD971B
:10246000448FFEF99ABEADE67D872EAF47E9E98934
:10247000FCF2F3496FEBB6B8F4D22CD644E91D3B1D
:10248000F28F49EFBA24E9BDF80F4AEF4092F41EEB
:10249000FC07A5979D6E31E9C2D5F68BBB3EA7F42C
:1024A0001ABF993C1E63FF5CFD39A577E20789FBE3
:1024B000677C7A933FA7FE39796FE2F4C4F38C67A7
:1024C000BC218FE7C28F7FDEF1A6FD83E24DFF07BF
:1024D000C5ABC9552FEAE37C7DFB7A0E07C31C3ED2
:1024E000B696C35F8E1BCBF71BFBC1D6CFA9DF4DC2
:1024F000FEB733F773AD7E4B3FA77EB7F7B1734B93
:10250000AFF5732ADFD38F9F795C69F2F47B8F7EFE
:102510004EF3C6FF4A1E8F51F7B0A6B9282DAEBFA5
:1025200069F703B47B005944974D3087E00504AD4B
:10253000042F24388EE0F824F57AF7E754AF2FBE45
:102540009A381E97DB0B2C6CB14FED551286FB8829
:10255000F6C50F130C66594C10F565345637B59F08
:10256000733E9E15F4700EBCC2748EE116DDCBC3B3
:10257000F97C91D861780233ED014E377AFF99F7F3
:10258000E1F17CCED9F43CB3BD0D0A152749BB87D8
:10259000EA67E2AF92A66B894F38C350FFEC9BFA13
:1025A00019D2DFF43F78BCD308B6115C5CC339BDE7
:1025B000D38FF2F8B3630564EED33799D33B8FF52D
:1025C000825D0D79582B5F0E6F6F0D263321FDC68E
:1025D000F1DF66E6AD4EE3FB3182E7C8FEB2FED422
:1025E000DE549394EED7BFA4F319929FBFFD549C81
:1025F0003EA54FCDE3431B7FA7E3F0FABB149F99A1
:10260000F1DAF85F1C87D7FA55CF67671EC7E3E397
:10261000A066BE795FE2FED4EC683441CD2CFB2489
:1026200031BDBD553541CDB4FFE4CCE3243BCE7D77
:10263000E095C4F41DA4AA4883F7D178D87F41E27D
:1026400072D7B6D4B719A1DE6D1F481C7FBBA3CDCE
:102650006184E9D49E9B9F4D4C6F6BB6B71BA166FE
:10266000BEF34AD2F2E6D0DCCBE066CABF9F20CEF2
:10267000C9A210D33D9F2EA44CCAA44CCAA44CCAD4
:10268000A44CCAA44CCAA44CCAA44CCAA44CCAA404
:102690004CCAA44CCAA44CCAA44CCAA44CCAA44C4C
:1026A000CAA44CCAA44CCAA44CCAA44CCAA44CCABE
:1026B000A44CCAA44CCAA44CCAA44CCAA44CCAA4D4
:1026C0004CCAA44CCAA44CCAA44CCAA44CCAA44C1C
:1026D000CAA44CCAA44CCAA44CCAA44CCAA44CCA8E
:1026E000A44CCAA44CCAA44CCAA44CCAA4CC7F957E
:1026F000F9BFAB4017BF0000000000000000000061
:10270000131705020193972700009387272D93162F
:102710004700BE9694426383A6000290B72600202D
:102720001207BA9703A74608DC47014501275D8FCA
:1027300023A2E60803A7860893C7F7FF0127F98FAE
:1027400023A4F60882804111F32700C09387C712A3
:102750003EE4732700C0A267E36DF7FE410182806B
:10276000B7270020D847C176FD160127758FD8C737
:102770001307D007D8C7D847C1660127558FD8C7D8
:10278000828082803386C50297E7DCE09387878763
:1027900088632A9690E382801C610347D50083C733
:1027A000470193F7F70F5D8FA306E50013F50706C2
:1027B0008280A1E9029082800338050083474801A6
:1027C0000347D50093F7F70F5D8FA306E50093F756
:1027D0000702EDD71B08060132879B0808001C6121
:1027E0002380D7009B0717001B8707008217819360
:1027F000AE9783C6070089CA4686E31207FFCDFE5F
:10280000828083C6050001473A86D5BF97E7DCE0A2
:10281000938747B66315F516B70700201CE197E7C5
:10282000DCE083C727AA93F7E70F17E7DCE0230B69
:10283000F7A81C61238207001C612384070018612C
:102840008347870093E727002304F7001861834735
:10285000870093E747002304F70018618347870048
:1028600093E717002304F70018618347070193F7E4
:10287000F70E2308F70018618347070193F7F70D58
:102880002308F70018618347470393F7D70F230AFC
:10289000F70218618347470393F7E70F230AF7020C
:1028A00018618347870393F7D70F230CF70218614A
:1028B0008347070393F7F70D2308F702186183474F
:1028C000070393F7F70B2308F70218618347070301
:1028D00093F7F7072308F70218618347870393F7F5
:1028E000770F230CF7021C611397050201932382D3
:1028F00007041C61238407041C6123860704B7971F
:102900008647938707C033D7E7020CC5B707800017
:102910006369F71E02901C612386C70018610CC50D
:102920002306C50023380500233C0500233005029B
:102930002334050223380502233C05022330050415
:102940002334050423380504233C050423300506FD
:10295000A30605008347070393F7770F2308F702C1
:1029600018618347470393F7B70F230AF7021861EB
:102970008347870393F7E70F230CF702828097E7DB
:10298000DCE0938727AD631CF500B70710201CE13E
:1029900097E7DCE083C7079393F7D70F79B597E7FD
:1029A000DCE0938727B9631CF500B72710201CE1F2
:1029B00097E7DCE083C7079193F7B70FBDB597E7BB
:1029C000DCE0938727C5631CF500B74710201CE1A6
:1029D00097E7DCE083C7078F93F7770FB9B597E7E1
:1029E000DCE0938727D1631CF500B76710201CE15A
:1029F00097E7DCE083C7078D93F7F70E3DB597E7C0
:102A0000DCE093872790631CF500B70700281CE1E2
:102A100097E7DCE083C7078B93E7170039B597E7A3
:102A2000DCE09387279C631CF500B70710281CE1A6
:102A300097E7DCE083C7078993E72700FDB397E7B3
:102A4000DCE0938727A8631CF500B72710281CE15A
:102A500097E7DCE083C7078793E74700F9B397E779
:102A6000DCE0938727B4631CF500B74710281CE10E
:102A700097E7DCE083C7078593E787007DB397E797
:102A8000DCE0938727C0631FF500B767102817E7BE
:102A9000DCE02339F7BE97E7DCE083C7A78293E742
:102AA000070161B3029071B31BD717009B986800B0
:102AB000BB0817410347C80093F7F707BB871741C7
:102AC000136707082306E80018612302D70018617E
:102AD00023006700146103C7C6001377F707238636
:102AE000E600146103C70603136707082388E6029C
:102AF0006373FE000290186193F7F70F230EF7023D
:102B000019BD9B0707001BD377009BD6F700130E58
:102B1000F00F9A880338050093F6F60FE366EEF897
:102B20008347C80093E707082306F8001C61238247
:102B3000D7001C612380670018618347C70093F7A3
:102B4000F7072306F70018618347070393F7F70792
:102B50002308F702C9B3397106FC22F826F44AF0BB
:102B60004EEC52E897000000E780C0BFB7A708000E
:102B700037070837938707081CC737240020854785
:102B8000232CF408B7273F0037770020938707F0FE
:102B90001CC7B78700201307F04723AEE7C0714674
:102BA00097D5DCE093858567130504209720000006
:102BB000E78080C8714697D5DCE09385256B1305C7
:102BC000442397200000E78020C71306000397D511
:102BD000DCE09385A5661305442597200000E78077
:102BE000A0C5371708003734002013077790B717B0
:102BF00004002322E41C9387D7A02324F41C23225F
:102C0000E41C85642324F41C938704F0232EF41A17
:102C10009384048097000000E78020B3232E941A49
:102C200097000000E78060B2896793870780232EB2
:102C3000F41A97000000E78040B1916793870780FE
:102C4000232EF41AB704DE803774D0B7196985696A
:102C50001304047789041309F907138AE9FF97D746
:102C6000DCE09387A7669843B94763E9E70897D7FD
:102C7000DCE083E7A765172700001307A7C48A07CE
:102C8000BA979C43BA978287054797D7DCE023AF72
:102C9000E736B78700209306101023A0D7C0B7F6F9
:102CA000800823A0E7C09386F62323A2D7C0B77677
:102CB000F0379386067723A6D7C0B706FE008906AD
:102CC00023A8D7C089669386860C23AAD7C0B75697
:102CD00000F09386C60C23ACD7C0B70600FF23A232
:102CE000D7C2B70614809386161023A4D7C0B7079F
:102CF000403E98C397D7DCE023AAE75C97D7DCE097
:102D00009387C7309C43A1FF97D7DCE09387974414
:102D100017D7DCE01307174497D6DCE09386964379
:102D2000639FE7340D47B707013E98C3B717003ECE
:102D300098C33707000193066701D4C39306005078
:102D400094C79306071094CB13070730D8CB0567B9
:102D50001307070298CF23A6070023A2070223A484
:102D6000070213070006D8D7054798DB11670D0740
:102D700098D3B727003E1307501598C70D67130760
:102D800007C3B706203E98CA13078020D8C323AADA
:102D9000070023AC070023AE070002C41307700C22
:102DA000A24781276370F72EB7070001938677014A
:102DB0003717003E54C3FD173EC23716003EB70614
:102DC000000258420127758F6302072CB7070540A0
:102DD000372700209507232CF70A0F00F00F02C6B3
:102DE0008327870B93F70704638C072A9307400216
:102DF0001CC7B727003E0D47D8C797000000E780E3
:102E00006096E2704274A2740279E269426A0145F6
:102E10002161828097D7DCE09387C74B9C4385274D
:102E200017D7DCE02328F74AB787002083A707C21B
:102E300093F70704E38407EC97D7DCE023AC07485B
:102E4000894717D7DCE02323F7484DBD97D7DCE04F
:102E5000938747489C4339479B861700B68763672B
:102E6000D70017D7DCE02327F74649BD97D7DCE02A
:102E700023A207468D47F1B7B737002023A00710DC
:102E80003707103E85471CC3370750361CC337072A
:102E900051361CC39306F04737870020232ED7C036
:102EA0009306F007232ED7C03707803E1CC323208C
:102EB0000700914779B7B787002083A707C2139708
:102EC00017039547E34F07F615BD37870020832783
:102ED00007C2B70600408127D58F2320F7C23707E6
:102EE000803E5C4391668127D58F5CC3994791BF33
:102EF00085473707203E1CC33707083E1CC397D7BA
:102F0000DCE023A9073C9D472DBFB787002083A79E
:102F100087C093F70708E38307DEA1471DB7B7878C
:102F2000002083A747C113978702A547E34B07F00B
:102F3000F1B3414597F0FFFFE780C07C414597F032
:102F4000FFFFE780207CB70611209846138609C052
:102F50000127518F98C6372711201C478127D18F11
:102F60001CC7A947F9BDB787002003A747C183A69F
:102F700087C201271396060263580602054797D6B3
:102F8000DCE023A7E634370700DB23A2E7C237776C
:102F9000F0B71307077723A6E7C03707FE800907B6
:102FA00023A8E7C0AD4771BD1B5707011377F7078B
:102FB000B14663E4E602094797D6DCE023AAE6308F
:102FC000370700DB23A2E7C23777B0B713070777CD
:102FD00023A6E7C03707BE80D9B70D4797D6DCE0F8
:102FE00023A8E62E370700FF23A2E7C223A687C047
:102FF00023A897C045BFB787002023AE27C113077A
:10300000F00723AEE7C097D7DCE09387672C98439F
:103010008547631AF70497D7DCE023AD072AB14749
:103020000DB597D7DCE09387E72A9C431B871700F1
:10303000BA87E378EAE297D7DCE023AD0728B54703
:1030400009B5B787002003A787C2370700FF23A26F
:10305000E7C223A687C023A897C023AE27C11307C2
:10306000F00723AEE7C0B947E9BB97D7DCE023AF51
:1030700007F869B110439107110723AEC7FEE3EBD0
:10308000D7FE4DB1A24785273EC419BB1247012781
:1030900009C712477D373AC22DB33EC2029015B31D
:1030A000B24785273EC62DBB8947630DF50263CF26
:1030B000A700054797D7DCE09387C7636306E50061
:1030C00097D7DCE0938707393E858280114797D7F1
:1030D000DCE093872738E349A7FE97D7DCE09387A6
:1030E0006753DDB797D7DCE09387C728F1BF2A96EF
:1030F000AA876393C70082802380B7008507D5BF66
:103100009307F6FF63F8A5003387F50081476362F4
:10311000A70201A03307F5008147636CB70001A047
:10312000B386F50083C606003307F5008507230044
:10313000D700E317F6FE82804D713EF4A2774AFA7B
:103140005AEA5EE662E2E6FD86E6A2E226FE4EF678
:1031500052F256EEEAF9EEF53A8B9C63186236E8C5
:1031600093764800338CE5003307FB003AE01B8779
:10317000060032F03AEC2A89AE8CFD5B11E742671B
:10318000FD17B30BEB40BE9B13861B00B377760194
:1031900081E7C2676378FB02A277755523B0070009
:1031A000827723B00700B6601664F2745279B27960
:1031B000127AF26A526BB26B126CEE7C4E7DAE7D6F
:1031C00071618280833709048326090093055003C7
:1031D0003EE40324490083398903832D0902032A2D
:1031E0004902032D8902E3E9D57A171E0000130E68
:1031F0002E711395260072950C41F29582858547B4
:10320000232EF900233409002328F9001374180031
:1032100071E4DA8AE6848149014D014A814D09460B
:1032200063F7841F850483C6F4FFB39686002124C8
:10323000B3E9D900E37686FEA1AA137728000545F5
:1032400011E3715505472320E900DA8AE684054732
:103250006305E50071576318E510A2677D572322C7
:103260008900331487002330F9041344F4FF827774
:10327000B3793401233C39032320B90323224903C2
:103280002324A903B384944184E3A277B38A6A41D7
:1032900023B05701E34905F085659385055B33F35A
:1032A000BA028327C901416E453E13960703419236
:1032B0009BD70701E39B0A769B9707013B87C700D3
:1032C000232EE900E31105EE13781800E30D08EC56
:1032D00083270901E389E7EC7955F1B58149368DFA
:1032E000368AB68D3684E3FA8CF583C50C00938656
:1032F0001C002324B90063FB860703C506009384E2
:103300001600832689002326A900054A9B9586007E
:10331000A99D7D45BBF5A50291E983358900161A63
:103320003D0A33FA4501611A333A4001E267012A46
:103330008DE39BD64600A1268545BB95D500216E21
:1033400005456366BE00B356D60013B51600336A52
:103350004501DA8A630B0A02029013074002232018
:10336000E900DA8A7D551D476F00D0631377280086
:10337000054511E3715509472320E900DA8AB6842F
:10338000F9B5E6868DBFE684C1BF8946E3F986E8D4
:1033900093F679009BD516001B06D4FF232AD9008B
:1033A000232CB90093D939001B040600639B052028
:1033B0001D8A6363C40893767400B3D9D9006198F9
:1033C000014A61CC9D4663F3860A93160A028192F4
:1033D0003306D9008D66B29623843693613493D92F
:1033E0008900052A8D46E3FE46FD8D66CA9603DAFE
:1033F000869283D6A69293C6F6FFC216C192630F39
:10340000DA0C0290130770022320E900A1BF1377A2
:103410002800054511E371550D472320E90005BD3E
:10342000DA8AE684EDBB13772800054511E3715570
:103430001547E5B7DA8AE684E3F784FF850483C697
:10344000F4FFB3968600B3E9D9009B0684001B8481
:1034500006009D8AE362D4FEB9BF137728000545B4
:1034600011E37155194755BFDA8AE6841D46E3F624
:1034700084FF850483C6F4FFB39686002124B3E954
:10348000D900E37686FE91B713772800054511E34E
:1034900071551D4759B7DA8AE684E3F784FF93161E
:1034A0000A0283C5040081923306D9008D66B29664
:1034B0002384B692850435B7DA8AE68499B79D46A7
:1034C00063F0860493FDF90F613493D98900826714
:1034D00063F6FA042380BA017D3A850A63070A0A73
:1034E00079FC826763E2FA0625471DA81377280056
:1034F000054511E371551307300305B7DA8AE684F1
:103500001D46E3F584FF850483C6F4FFB396860069
:103510002124B3E9D900E37686FE6DB71307400393
:103520002320E900094581B5DA8AE6844DB7DA8AB5
:10353000E68445BF13772800054511E3715513074D
:103540006002E1BDDA8AE684E3F684FF8267B306AF
:103550009C40338657416373D600B28613160A0225
:1035600001926373D600B2863686A685568542FCE4
:1035700036F897000000E780E0B8C27662783B0A30
:10358000DA40B694B69AE31E0AF483264901858A86
:10359000E38D06DE93767400E36ED4329376740086
:1035A000B3D6D900619863F49C00E3150434FD5947
:1035B000B399890093C9F9FFB3F9D900E300043442
:1035C00001A08D466398D5000290294735BDDA8A5F
:1035D000E684DDBF8546639DD508130600120565A8
:1035E0002326C902130585DE13060002930689040B
:1035F0002328C90295454A9542FC36F897000000F9
:10360000E78020AF6278C2761306890DA145850652
:10361000A38FB6FEE39DC6FE13068914A545850655
:10362000A38FB6FEE39DC6FE130609169D458506CB
:10363000A38FB6FEE39DC6FE13068916A145850637
:10364000A38FB6FEE39DC6FE032E8901635C0E14B4
:103650000D45054EF54EB3069C40635ED558826716
:10366000B38657416347DE6AB94663FC8658C5ABEB
:10367000014A13160A020192971600009386066902
:10368000B29683C606006367D40893150A02819137
:103690009716000093868667AE9603C60600854699
:1036A000052A1B050600BB96A600FD36B3F6D90019
:1036B000119CB3D9A90013868500171500001305C6
:1036C000E5638A05AA958C410A064A96AD9E54C6C2
:1036D0008946E3F046FB0965130585B81306001219
:1036E00081454A9542F897000000E78080A0427823
:1036F000014A832649036366DA04CD46232AD902A8
:10370000A1B713772800054511E371552D4731B353
:10371000DA8AE68493160A028192171600001306CD
:10372000E65EB296E3FF84FD850403C6F4FF33161C
:103730008600B3E9C90003C606002124E364C4FE81
:10374000A9B7894663F2860493150A0281919716F8
:10375000000093862657AE9683C6060013F67900BE
:103760007534B305D9008966AE962384C6B893D95B
:103770003900052ABDBF13772800054511E37155AF
:10378000394761B9DA8AE6840946E3F684FF85049D
:1037900083C6F4FFB39686002124B3E9D900E3760B
:1037A00086FE5DB7130600048145A808C2E472F8DE
:1037B00097000000E780E093427E856E13860EDA64
:1037C00093180E0293D80802B386C8028145138667
:1037D0000E80F2E046FC138586164A9536F897006F
:1037E0000000E7800091C276856E13858E9636952F
:1037F0001306004881454A9597000000E780608FD6
:1038000083278901C276E278139607020192210686
:103810000A064A96066E2668832FC6003306D9002C
:10382000B285814E85056394DF0502ED9302810523
:103830002C099303410D814F014583A64200910558
:103840009102359DBB86F6019B9F160023A2F501D0
:10385000E395B3FEC1666384DF12854663F1A61269
:103860000290130730022320E9007D55CDB283C6B4
:1038700075049811852E8A06BA9603A586F7052544
:1038800023ACA6F645B7DA8AE684D9BF034E860490
:103890009B050E00B9C9130F010E93962500FA96E9
:1038A00003AF86FB81439B021F0023AC56FAAE8216
:1038B00093761F009B931300B3E37600FD328123C0
:1038C0001B5F1F00E39602FEA94663E6B604260EC0
:1038D00033EECF011B1E0E0185461B5E0E41BB95CC
:1038E000B6009306F03F63FB7600852F0506E39F45
:1038F000FEF989466395D718014A1DAA93960302DB
:103900008192BA969386060B8606CA962394C601C0
:10391000BB837500F9B793F6F33FC6968606CA9641
:10392000039E861663160E002394A6162A8E7935FA
:103930009BD393009BD3130093F613003B0EDE4002
:10394000134EFEFF012E639A65003A9E130E0E4B36
:10395000060E4A9E2314FE0149BFB3061E018606C9
:10396000056ECA96F296039F86961B0E0F0063168D
:103970000F002394A6962A8E7935FD3565BF021E69
:103980009306006D135E0E02814F7D55B388D802F9
:103990002D433307DE02A1BFB94663E78604B306B1
:1039A0009C4005466349D612856593F6F93F138618
:1039B00005E5B2968606CA96039E860063470E0CFE
:1039C0009B569E4099C26371D40263FC840F83C6E8
:1039D000040013861400B284B3968600B3E9D900BC
:1039E0002124B946E3F286FC856593F6F93F1386F8
:1039F00005E5B2968606CA96839686001B85060064
:103A0000634B050E1356954013F5F61FBD469B0DEF
:103A10000500B3D9C900119C63C3A61093160A020E
:103A200081923306D9008D66B2962386A692052A26
:103A30000326C90283260903B19EE36FDAF4639972
:103A4000461B8D669386C692CA960216B68501926B
:103A50001305890442FC36F897F0FFFFE780806A7F
:103A60008365C902C276036609030565130585DE11
:103A7000B6954A9597F0FFFFE780C0686278832685
:103A80008901FD36232CD900C1B6A946E3FF86F291
:103A9000294693850525B3D6C900134EFEFF858AB6
:103AA000F296AE968606CA96039E86001B05160001
:103AB000E35C0EF29B0626001B060500E37DD4FCAA
:103AC00029B713772800054511E371554147B1B275
:103AD000DA8AE684DDBD83C614001B0684008904EF
:103AE000B396C60003C6E4FF33168600D18EB3E951
:103AF000D9004124D5BDA946938505251B8616000E
:103B0000B3D6D9001345F5FF858AAA96AE968606E8
:103B1000CA9603958600B286E34205FEC5BDC1463E
:103B2000631BD50063190A00C14D0290454725BBB0
:103B3000DA8AE684DDBF9B870DFF939607028192A8
:103B4000971700009387071DB69703CD070063649E
:103B5000A4091B860DFF931506028191171600001C
:103B60001306C61B2E96854603460600BB96A60185
:103B7000FD36B3F6D9000D6EB19E1305CE92131625
:103B80000A0201924A9532954146B3D9A9013B04F4
:103B9000A4418145639ACD001B06FAFF02160192EB
:103BA0004A9672968345C69213960602019242FC8B
:103BB00036F897F0FFFFE780C053C27662783B8A01
:103BC0004601BDB513772800054511E371554947F6
:103BD000A9B0DA8AE684E3F784FF850483C6F4FF9C
:103BE000B3968600B3E9D900212495B7DA8AE68432
:103BF000029055478DB93946636386060546635280
:103C0000D60283C614001B0684008904B396C6003E
:103C100003C6E4FF33168600D18EB3E9D9004124F0
:103C20003DA893F6F93F9386060B8606CA96039540
:103C30008600634605069B56954099C26371D4027F
:103C400063F8840983C6040013861400B284B39613
:103C50008600B3E9D9002124B946E3F486FC93F643
:103C6000F93F9386060B8606CA96839686009B8547
:103C7000060063CA050613D6954093F5F61F930612
:103C8000F00F1B8A0500B3D9C900119C63C8B61098
:103C9000826763FBFA0623804A01850A55BAA94662
:103CA000E3F086FA2946B3D6C900858A898E9386C1
:103CB000F64A8606CA96039586009B051600E350D1
:103CC00005FA9B0626001B860500E37ED4FC8DBF0B
:103CD00013772800054511E371555D476FF0EFF349
:103CE000DA8AE684B1BFA9461B861600B3D6D9008E
:103CF000858A8D8E9386F64A8606CA9683958600B7
:103D0000B286E3C305FEA5BF614719B8DA8AE68427
:103D100041B763E78E0203C6140083C60400910412
:103D20002206558E83C6E4FFC206558E83C6F4FF75
:103D3000E206D18EB3968600B3E9D9001B040402D3
:103D400093F6F93F9386060B8606CA9683958600FE
:103D500063CB05161BD695401B8A0500119C9376F4
:103D60000A10B3D9C900228695EA93F6F93F9386E3
:103D7000060B8606CA96039F860063480F161B54DF
:103D80009F402380BA0093760F10B3D989003B047B
:103D90008640638E0616850A1B0A0F00137AFA1FE7
:103DA000930600106303DAFE1B0AFAEF021A135A95
:103DB0000A0297170000938767F2D29703CD070096
:103DC000060A971600009386E6EB369A031A0A0055
:103DD00063000D02636CA4158546BB96A601FD36F3
:103DE000B3F6D9003B04A441B3D9A9013B8A4601EB
:103DF000B94663E58604B3069C400546634BD61876
:103E000093F6F93F938606788606CA96039E860047
:103E100063490E129B569E4099C26371D40263FFA0
:103E2000841583C6040013861400B284B3968600FA
:103E3000B3E9D9002124B946E3F486FC93F7F93FAE
:103E4000938707788607CA97839787009B86070022
:103E500063C1061613D6964093F6F71F8216819219
:103E600097170000938707E0B69703CD0700B3D9F3
:103E7000C900119C8606171600001306A6DAB29632
:103E8000839D060063000D026364A4178546BB96FC
:103E9000A601FD36B3F6D9003B04A441B3D9A9016C
:103EA000BB8DB601C26793960D028192B387FA402B
:103EB0003EE463FDD714E267638A07140290130798
:103EC00050026FF06FD4A9461B861600B3D6D900F6
:103ED000858AB385B6409385F54A8605CA9583954C
:103EE0008500B286E3C205FE85BDA9461B84160087
:103EF000B3D6D900858AB386E6419386F64A86060C
:103F0000CA96039F8600A286E3420FFE9DBDA38052
:103F1000EA01890A6FF02FF413772800054511E3B1
:103F2000715565476FF06FCFDA8AE684E3F684FF58
:103F3000850483C6F4FFB3968600B3E9D900212433
:103F400051BDA946E3FD86EC85652946938505B8F4
:103F5000B3D6C900134EFEFF858AF296AE9686064A
:103F6000CA96039E86001B051600E3590EEC9B06BD
:103F700026001B060500E37DD4FC55B51377280009
:103F8000054511E3715569476FF02FC9DA8AE68458
:103F900079B583C714009B0684008904B397D700C2
:103FA00083C6E4FFB3968600D58FB3E9F9004124B8
:103FB00071B58565A947938505B81B861700B3D7EA
:103FC000F90093C6F6FF858BB697AE978607CA971A
:103FD00083968700B287E3C206FE49B513772800AF
:103FE000054511E371556D476FF02FC3DA8AE684FA
:103FF000E3F684FF850483C6F4FFB3968600B3E935
:10400000D900212451B5DA8AE6844DBDA2675686CF
:10401000B386D740C267B3F67601BE9663F3DA0083
:10402000368693150A02826781912E9663E2C7064F
:10403000094663664607630D0AE083C506002380D0
:10404000BA006316CA0083C61600A380DA0093166E
:104050000A028192B69A6FF0AFDF130750036FF038
:104060002FCCDA8AE6848267E3F9FAFEA267939698
:104070000D028192B386D740C267B3F67601850AF6
:10408000BE96A26783C606008507A38FDAFE3EE4CC
:10409000D2867D5A638E06DA1B8AF6FFE9B783C59E
:1040A00006008D0A8D06A38EBAFE83C5E6FF753A1B
:1040B000238FBAFE83C5F6FFA38FBAFE9DBF137789
:1040C0002800054511E37155130700026FF0EFB4A6
:1040D000DA8AE684E3F584FF850483C6F4FFB396A9
:1040E0008600B3E9D9009B0684001B8406009D8AE4
:1040F0006FF08FCAFD1461346FF0EFCA9376180029
:10410000D9E6130720022320E90001456FF0AFA58F
:104110002DC89D4663FE860293F6F90F613493D94C
:10412000890003260901052A1B168600D18E232843
:10413000D9008D46E3E746FDE1BF1377280005452A
:1041400011E37155130790026FF02FADDA8AE68400
:104150001D46E3F484FF850483C6F4FFB39686000E
:104160002124B3E9D900E37686FE7DB713772800D2
:10417000054511E371551307A0026FF00FAADA8A03
:10418000E684E3F584FF83C60400850459BF014A31
:10419000CDBFDA8AE684B5B7DA8AE6846FF0EFEC51
:1041A000FD14613463FB9C8AE36C87FE6FF0EF8A39
:1041B00003470B00A128210B319F03469BFF399E2B
:1041C000BB06C700BD9E8347ABFF3B87C700834745
:1041D000BBFFB99EB99F0347CBFFBD9EB99F034765
:1041E000DBFFBD9E3D9F8347EBFFB99E3D9F83470D
:1041F000FBFFB99E3B86E700BB87C6001B877800A4
:1042000002170193E36667FA3B876841BB066701C3
:104210008216819263ED6600B38A6A403B76C603DC
:104220002E83BBF7C7036FF0EF888148C1BF050B32
:104230008346FBFF359EB19FD1BF1171A2F9A6F550
:10424000CAF12A842E89B28481451306000708101A
:1042500036E086FDCEEDD2E9D6E5DAE15EFD62F923
:1042600066F56AF16EED97F0FFFFE78080E80337AF
:1042700009008266FD5781933366D70063E7C72A3A
:10428000867726F036D422FCBAC082DC02E182E8CE
:1042900002F882E402E591E797E7FFFF9387C74EB4
:1042A000BEF0A67791E797E7FFFF9387C74DBEF46F
:1042B00046758677AD64138604B18545829771543F
:1042C00063050522AAEC23200500854733079500E6
:1042D0000D6A2326F7B05295E6692330F5B0BD4745
:1042E000233C05AE2324F5B0638B092233844901B6
:1042F000832A84B0032704B0CE94232004B083A77C
:10430000C4B0B32A5001A10AA25B63C40722832769
:1043100044B093E717002322F4B03DCB8367010438
:1043200062778275821BBA863EEC13E84A003C082D
:10433000100893DB0B024E855EE897F0FFFFE780E5
:10434000E0DF4267A256FD5593D705023378F700A8
:10435000999E4277027623A6A4B042973AF803E7E3
:10436000C901429632F03AE16266064736D4E276F7
:10437000119FBAC02667F18FBE96BA9736FCBEE48D
:104380006349051A6306051823A6B4B06D5499A2B3
:104390008327C4AF130ACAB04E9AF1EB7D5CA16CBF
:1043A000216D135C0C02FD1C854D83678102032780
:1043B00084AF82753EE8BB07ED40821702178193F8
:1043C00001933EEC52973C08D286100856884E85E1
:1043D00097F0FFFFE78080D6C267A25623A6A4B05D
:1043E000B3F587019D9EC2770276064BAE973EF8E5
:1043F00083E7C9012E9636D43EE1E24732F09B06B0
:104400000B00232EF4AE2A8763F3D7003E8B83651F
:1044100084AF93160B02627581923686D2953AE488
:1044200036E097F0FFFFE780E0CD8266E277266610
:104430002267B6973EFC86473696B2E4BB85674155
:104440008327C4AFAEC0BB866741832784AF232ECA
:10445000D4AE3B8B6701337B9B01232C64AF634A53
:10446000070C6314B70BE3830BF2A1F105B7864485
:104470001B87040063F3E700BE840D644E948365DC
:1044800084AF939A0402627593DA0A025686D29533
:1044900097F0FFFFE78000C7E2772666D6973EFCDD
:1044A00086475696B2E4859FBEC08327C4AF3B873C
:1044B0009740832784AF232EE4AEA59FC617C593EC
:1044C000232CF4AEAD67BE9983A7C9B0D98F8127DD
:1044D000A1C30144E66581C54675A6778297ED576D
:1044E0006315F400A25791E375542285EE704E7463
:1044F000AE740E79EE694E6AAE6A0E6BEA7B4A7C48
:10450000AA7C0A7DEA6D1161828025F3E39006E8BA
:10451000A667E6652330F90089E50144F9B77954C7
:1045200055BF4675A6778297CDBF79741304048F63
:104530006DBF755445B717C7DCE71307A7AC97C71E
:10454000E4E7938727AC998F370708006373F70078
:104550000290B70701022D47A1072FB0E708B72740
:10456000002023AA071617C7DCE91307A7A9B70677
:10457000000A97C7E4E99387E7A86373D70002901E
:10458000B706000C63E3D700029063F3E7000290E4
:104590003387E740935717019316F70293F7F70F06
:1045A00081C6852793F7F70F11476373F7000290D1
:1045B000B71701021307F00F938607802FB0E608A4
:1045C000938687802FB0E608938607812FB0E60890
:1045D000938687812FB0E608938607822FB0E6087E
:1045E000938607832FB0E608938687832FB0E6086B
:1045F000938607842FB0E608938687842FB0E60859
:10460000938607852FB0E608938687852FB0E60846
:10461000938607862FB0E608938687862FB0E60834
:10462000938707872FB0E708970700009387075FF6
:1046300083B807003707020A930600100175371880
:104640000102B705020037060A0AB307A7001303E1
:1046500088822F30D3080F00F00F23B01701938703
:104660000704E39CE7FE86060F00F00F3387B700D0
:10467000E31DC7FCB71701021307F00F938787826A
:104680002FB0E7080F00F00F82803705080A8280FC
:10469000411106E43727002083278708B7060080EA
:1046A000130500028127F58FB7060040F916232471
:1046B000D70881272324F708FD572322F7088547C9
:1046C0001CCB97E0FFFFE780E0031305100297E0A3
:1046D000FFFFE78020031305200297E0FFFFE7803C
:1046E00060021305300297E0FFFFE780A001A2609F
:1046F00005454101828017C7DCE01307E7BC18437A
:1047000097C7FEFF938707DA83B887023E8831EBAD
:10471000854717C7DCE02329F7BA3785B8ED054789
:104720001305053217C3DCE01303C3039B0707001F
:104730002146BE8613FE17009BD517009B870500F8
:1047400063050E00B347B50081277D361376F60F5B
:1047500081276DF28A069A9605279CC21377F70F78
:1047600071F77D5797C6DCE99386C6897D5697C554
:10477000DCE0938525FF31A883C706008506B98F45
:1047800093F7F70F8A07AE9788431B578700298F47
:104790000127FD18E392C8FE032588011347F7FFA0
:1047A000198D1335150082802A83B682054323A014
:1047B0006200014323A26200328323B462002A8391
:1047C00023B862002E8323BC62001B03F00F131377
:1047D000830123A262000D4323A062000F00F00FAB
:1047E0008280AA8203A3020013732300E31C03FE4A
:1047F00023A0020082802A83AE8311C623007300A7
:104800007D16050365FE82802A8309CA838305001D
:10481000230073007D16050385056DFA82802A83C7
:1048200009CA8393050023107300791609038905CB
:104830006DFA82802A8309CA83A3050023207300AE
:104840007116110391056DFA82802A8309CA83B318
:1048500005002330730061162103A1056DFA8280E3
:104860002A83AE832A8E23300300833E0300130382
:104870000304E34A73FE370301022330C321130EFE
:104880000E04E34C7EFE82802A83F32340F1854EA2
:10489000B39E7E00B3FE6E0063870E00F96273A0C4
:1048A0000230638203008280F96273B0023082803A
:1048B00000000000000000000000000000000000F8
:1048C000C8E3FFFF54E5FFFF8CE5FFFFB8E5FFFFFE
:1048D000F6E5FFFF0AE6FFFF30E6FFFF4AE6FFFFCF
:1048E0005EE6FFFF72E6FFFFA6E6FFFF36E7FFFF8B
:1048F00062E7FFFF82E7FFFFAAE7FFFF02E9FFFF92
:10490000EAE9FFFF86EAFFFF24EBFFFF9CF8FFFFC9
:1049100038EBFFFF6CEBFFFF9AEBFFFF9CF8FFFF0C
:1049200032ECFFFFD2ECFFFF14EEFFFF9CF8FFFF1D
:104930009CF8FFFF88EEFFFF9CF8FFFFD4F1FFFF1C
:1049400034F2FFFFD6F2FFFF9CF8FFFF9CF8FFFF59
:10495000F0F2FFFF9CF8FFFFE4F3FFFF10F4FFFF0E
:104960002CF6FFFF90F6FFFFF0F6FFFF9CF8FFFF2D
:104970009CF8FFFF9CF8FFFF9CF8FFFFD4F7FFFFB8
:104980009CF8FFFF96F8FFFF8AEFFFFF8AEAFFFF20
:104990000AF7FFFF48ECFFFFBCEBFFFF9CF8FFFFAF
:1049A00050F8FFFF82F8FFFF9CF8FFFF9CF8FFFF25
:1049B0009CF8FFFF9CF8FFFF9CF8FFFF9CF8FFFFAF
:1049C0009CF8FFFF9CF8FFFF00ECFFFF2CECFFFFC3
:1049D00066F7FFFF0000000000000000000000007C
:1049E00001000000200000000100000000000000A5
:1049F0000200000040000000020000000000000073
:104A0000040000008000000003000000000000001F
:104A10000800000000010000040000000000000089
:104A2000100000000002000005000000000000006F
:104A30002000000000000000060000000000000050
:104A4000400000000000000007000000000000001F
:104A500080000000000000000800000000000000CE
:104A6000000100000000000009000000000000003C
:104A700000020000000000000A000000000000002A
:104A800000040000000400000B0000000000000013
:104A900000080000000800000C00000000000000FA
:104AA00000100000001000000D00000000000000D9
:104AB00000200000002000000E00000000000000A8
:104AC00000400000004000000F0000000000000057
:104AD00000800000008000001000000000000000C6
:104AE00000000100020000001100000000000000B2
:104AF000000002000400000012000000000000009E
:104B0000000004001000000013000000000000007E
:104B10000000080000001000140000000000000069
:104B20000000100000002000150000000000000040
:104B300000002000000040001600000000000000FF
:104B4000000040000000040017000000000000000A
:104B500000008000000000001800000000000000BD
:104B6000000000010000001019000000000000001B
:104B700000000002000001001A0000000000000018
:104B800000000004000008001B00000000000000FE
:104B900000000008000000101C00000000000000E1
:104BA00000000040080000001D00000000000000A0
:104BB00000000040080000001E000000000000008F
:104BC00000000040080000001F000000000000007E
:104BD0000000008000000020200000000100000014
:104BE00001000000000000012100000001000000A1
:104BF000020000000000000222000000010000008E
:104C00000400000000000004230000000100000078
:104C10000800000000000008000001C0BEEEFFC058
:104C200001000200030004000500070009000D0058
:104C30001100190021003100410061008100C10014
:104C40000101810101020103010401060108010CB7
:104C50000110011801200130014001600000000036
:104C6000000000000101020203030404050506061A
:104C70000707080809090A0A0B0B0C0C0D0D0000A8
:104C800003000400050006000700080009000A00F0
:104C90000B000D000F001100130017001B001F0078
:104CA00023002B0033003B004300530063007300DC
:104CB0008300A300C300E300020100000000000025
:104CC00010111200080709060A050B040C030D0257
:104CD0000E010F00000000000000000000000000B6
:104CE000010101010202020203030303040404049C
:104CF000050505050000000001010000010000009D
:104D00000400000000000000050504000000000091
:104D1000020307000000000003030B000000000076
:104D2000040000001400000003000000474E55007E
:104D3000FA25FF7B83DBB2F1C27991D8D0A0F5EFE1
:104D400021B8A71E000000000000000000000000C5
:104D50000000000000000000000000000000000053
:104D60000000000000000000000000000000000043
:104D70000000000000000000000000000000000033
:104D800000400108000000000100000000000000D9
:104D90000000000000000000000000000000000013
:104DA0000000000000000000000000000000000003
:104DB00000000000000000000000000000000000F3
:104DC0001B5B324A1B5B481B5B306D0D0A4853531B
:104DD0003A206465636F6D7072657373696E6720E6
:104DE00066726F6D20654E564D20746F204C3220D8
:104DF00053637261746368202E2E2E200000506170
:104E0000737365640D0A004661696C65640D0A0080
:104E10000000000000000000000000000000000092
:104E20000000000000000000000000000000000082
:104E30000000000000000000000000000000000072
:104E40000000000000000000000000000000000062
:104E50000000000000000000000000000000000052
:104E60000000000000000000000000000000000042
:104E70000000000000000000000000000000000032
:104E80000000000000000000000000000000000022
:104E90000000000000000000000000000000000012
:104EA0000000000000000000000000000000000002
:104EB00000000000000000000000000000000000F2
:104EC00000000000000000000000000000000000E2
:104ED000000000000000000085100000000000003D
:104EE000000000005FF55FF5BFFFFFFF3333FBFFFE
:104EF00000000000000000002908290829082908EE
:104F00002908290829082908290829082908290819
:104F10002908290829082908290829082908290809
:104F200029082908290829083009300930093009D9
:104F300030093009280928093009300930093009B9
:104F400030093009000000000000000000000000EF
:00000001FF
